Customer_ID,Full_Name,Age,Gender,Join_Date,Annual_Income,Department,Performance_Score
CUST_1000,Daniel Jones,32,Male,01/01/2020,54474.24,Engineering,3.0
CUST_1001,john jones,26,female,2020-01-02,27561.28,Sales,4.0
CUST_1002,EMMA JOHNSON,56,Female,2020-01-03,84081.07,Operations,4.0
CUST_1003,David Jones,59,female,2020-01-05,"100,384 USD",sales,2.0
CUST_1004,Sarah Jones,65,female,2020-01-06,"$65,500.39",Ops,3.0
CUST_1005,Emily Smith,29,Male,2020-01-07,"24,855 USD",sales,2.0
CUST_1006,Michael Smith,49,,2020-01-09,"$57,054.24",ENGINEERING,3.0
CUST_1007,David Brown,42,female,2020-01-10,68788.47,sales,3.0
CUST_1008,Daniel Jones,56,male,2020-01-11,"44,757 USD",Human Resources,5.0
CUST_1009,Emma Brown,35,Male,,79584.31,Ops,1.0
CUST_1010,Sarah Brown,32,Male,2020-01-14,"$42,313.47",Sales,2.0
CUST_1011,Sarah Garcia,49,MALE,2020-01-15,,,1.0
CUST_1012,Michael Rodriguez,23,male,2020-01-17,"$59,292",Marketing,3.0
CUST_1013,Emily Miller,61,Female,"January 18, 2020","80,396 USD",sales,4.0
CUST_1014,Emma Jones,60,Male,19/01/2020,64643.27,Operations,4.0
CUST_1015,Emma Smith,69,female,2020-01-21,"$60,087.71",ENGINEERING,4.0
CUST_1016,James Smith,52,male,22/01/2020,"$44,928",Operations,4.0
CUST_1017,Laura Rodriguez,51,Male,23/01/2020,65869.23,Sales,3.0
CUST_1018,James Smith,55,Female,25/01/2020,"$58,495",Sales,2.0
CUST_1019,Sarah Smith,73,Female,26/01/2020,"$43,236.74",Sales,
CUST_1020,Emma Johnson,71,Male,"January 27, 2020","$68,987.28",ENGINEERING,4.0
CUST_1021,Emma Garcia,74,male,"January 29, 2020",,Operations,4.0
CUST_1022,David Davis,22,Male,30/01/2020,56539.82,HR,4.0
CUST_1023,Sarah Garcia,35,Female,2020-01-31,"$88,289.23",Human Resources,3.0
CUST_1024,Jessica Garcia,33,female,02/02/2020,"$71,599.36",Sales,
CUST_1025,John Smith,25,MALE,"February 03, 2020",32903.65,Engineering,5.0
CUST_1026,Daniel Garcia,42,Female,2020-02-04,"$98,434.85",Operations,1.0
CUST_1027,Michael Jones,49,female,,84174.70,Operations,4.0
CUST_1028,John Davis,43,Male,2020-02-07,90045.78,Marketing,3.0
CUST_1029,David Garcia,69,Other,2020-02-08,"75,013 USD",mktg,1.0
CUST_1030,   Laura Rodriguez   ,39,female,"February 10, 2020","$20,000.00",mktg,4.0
CUST_1031,Daniel Smith,48,Male,2020-02-11,,Ops,3.0
CUST_1032,Michael Garcia,60,,2020-02-13,"$66,519.69",ENGINEERING,4.0
CUST_1033,Michael Garcia,,Male,2020-02-14,73830.48,Sales,4.0
CUST_1034,John Jones,73,Male,2020-02-15,"$78,509.60",Marketing,3.0
CUST_1035,Emily Jones,74,female,2020-02-17,"113,407 USD",Sales,4.0
CUST_1036,Laura Wilson,29,MALE,2020-02-18,,Sales,3.0
CUST_1037,Emily Brown,70,female,2020-02-19,"51,990 USD",Marketing,
CUST_1038,Michael Davis,45,female,,43724.14,Marketing,4.0
CUST_1039,Michael Williams,23,Female,,38251.44,Human Resources,3.0
CUST_1040,emma jones,37,,2020-02-23,"38,712 USD",sales,1.0
CUST_1041,David Miller,22,Male,25/02/2020,"$20,000",mktg,5.0
CUST_1042,Laura Wilson,40,male,2020-02-26,,sales,3.0
CUST_1043,Jessica Smith,26,Female,2020-02-27,"$114,695.16",Ops,4.0
 cust_1044  ,Laura Garcia,46,Male,2020-02-29,,Marketing,4.0
CUST_1045,James Rodriguez,33,Male,,"$43,690.80",ENGINEERING,3.0
CUST_1046,Sarah Johnson,71,female,2020.03.02,"$58,196.14",Ops,
,Michael Smith,63,Female,2020-03-04,"$95,833.55",Marketing,3.0
CUST_1048,emily brown,39,male,2020-03-05,"$75,808.67",sales,3.0
 cust_1049  ,James Rodriguez,,Female,2020-03-06,"68,363 USD",HR,
CUST_1050,James Wilson,37,female,2020-03-08,"$58,582",HR,4.0
CUST_1051,Daniel Johnson,68,male,09/03/2020,"94,458 USD",mktg,2.0
CUST_1052,Emma Jones,31,Male,2020-03-10,38173.73,Engineering,3.0
CUST_1053,Emily Garcia,56,FEMALE,"March 12, 2020",77021.88,ENGINEERING,5.0
CUST_1054,Sarah Miller,54,male,2020-03-13,"73,623 USD",Sales,3.0
CUST_1055,David Johnson,67,Male,2020.03.14,"$66,084.30",Operations,4.0
CUST_1056,Emma Smith,51,Female,16/03/2020,"84,693 USD",Ops,4.0
CUST_1057,Laura Johnson,,female,2020-03-17,"65,843 USD",Marketing,3.0
 cust_1058  ,Daniel Rodriguez,71,Male,"March 18, 2020","51,637 USD",HR,3.0
CUST_1059,James Garcia,57,male,"March 20, 2020",67312.78,Engineering,4.0
CUST_1060,emma rodriguez,50,Male,2020-03-21,"$25,197",ENGINEERING,3.0
CUST_1061,SARAH MILLER,48,Unknown,2020-03-23,"$80,317.87",ENGINEERING,3.0
CUST_1062,Emily Brown,71,Male,2020.03.24,"$86,705.73",HR,
CUST_1063,David Williams,61,Female,2020-03-25,"48,585 USD",Operations,4.0
CUST_1064,John Garcia,51,F,2020-03-27,42637.22,,3.0
CUST_1065,David Williams,67,Male,2020-03-28,"$49,506",Human Resources,2.0
CUST_1066,Emma Davis,24,Other,"March 29, 2020","$63,424.43",Operations,3.0
CUST_1067,Daniel Smith,66,FEMALE,"March 31, 2020","$70,397.15",sales,3.0
CUST_1068,James Johnson,71,F,2020.04.01,"$105,387",ENGINEERING,3.0
CUST_1069,David Jones,-7,Male,2020-04-02,102227.28,Engineering,
 cust_1070  ,Laura Garcia,63,Female,2020-04-04,85788.57,HR,1.0
CUST_1071,Daniel Davis,73,female,05/04/2020,"$68,031.52",ENGINEERING,3.0
CUST_1072,Jessica Miller,24,Unknown,"April 06, 2020","$41,826.90",Operations,3.0
CUST_1073,JAMES MILLER,71,Male,2020-04-08,"106,991 USD",Sales,3.0
CUST_1074,Sarah Johnson,-9,female,2020-04-09,"$58,808.95",Sales,3.0
CUST_1075,David Brown,20,male,2020-04-10,"$72,034",ENGINEERING,3.0
CUST_1076,Sarah Williams,55,Male,12/04/2020,"80,684 USD",Engineering,5.0
CUST_1077,Daniel Garcia,37,M,"April 13, 2020","$66,539.90",Engineering,2.0
CUST_1078,Jessica Jones,,female,14/04/2020,"93,777 USD",Ops,4.0
CUST_1079,John Garcia,66,MALE,,76384.80,sales,5.0
CUST_1080,michael miller,61,Female,2020-04-17,"$89,715.96",Ops,3.0
CUST_1081,Michael Davis,61,Unknown,2020.04.18,"$76,183.64",Ops,4.0
,Daniel Rodriguez,47,male,"April 20, 2020",64052.51,sales,99.0
CUST_1083,David Garcia,34,Female,2020-04-21,"66,855 USD",HR,3.0
CUST_1084,Emma Wilson,27,male,,63443.99,,3.0
CUST_1085,Laura Smith,52,male,2020-04-24,32892.85,HR,1.0
CUST_1086,David Williams,37,Female,"April 25, 2020","39,980 USD",Ops,3.0
CUST_1087,John Brown,35,,"April 26, 2020","83,514 USD",Engineering,3.0
CUST_1088,Laura Williams,62,Female,"April 28, 2020",33515.72,sales,3.0
CUST_1089,Emma Johnson,61,female,29/04/2020,"54,894 USD",Operations,5.0
CUST_1090,James Wilson,44,Male,2020-05-01,"$38,747.41",Marketing,2.0
CUST_1091,David Davis,66,Male,2020-05-02,"$53,557",Marketing,3.0
CUST_1092,Sarah Rodriguez,53,Female,2020-05-03,61118.27,mktg,3.0
,James Brown,40,Male,"May 05, 2020","54,844 USD",ENGINEERING,3.0
CUST_1094,Emily Miller,49,male,"May 06, 2020",29290.89,Human Resources,4.0
CUST_1095,Emma Wilson,27,Female,2020.05.07,"$60,361.74",Human Resources,3.0
CUST_1096,Emma Miller,28,Male,2020-05-09,41027.60,Operations,1.0
CUST_1097,John Rodriguez,55,male,"May 10, 2020","$49,086.07",mktg,4.0
CUST_1098,Sarah Jones,23,Female,2020.05.11,"83,513 USD",Sales,4.0
CUST_1099,JAMES BROWN,58,Female,"May 13, 2020",88884.82,Operations,3.0
CUST_1100,Michael Davis,64,F,2020-05-14,"32,226 USD",Ops,3.0
 cust_1101  ,Jessica Garcia,51,Female,2020-05-15,"104,217 USD",Operations,2.0
CUST_1102,Michael Jones,53,M,2020-05-17,"52,248 USD",Marketing,2.0
CUST_1103,Emma Brown,54,FEMALE,18/05/2020,"$49,974.75",Human Resources,3.0
CUST_1104,Emily Brown,34,female,19/05/2020,,Sales,3.0
CUST_1105,Emma Garcia,57,Male,,"66,398 USD",ENGINEERING,5.0
CUST_1106,Jessica Williams,57,Male,2020-05-22,"114,539 USD",Ops,3.0
CUST_1107,Emma Jones,71,Female,2020-05-23,"$26,508.51",ENGINEERING,2.0
CUST_1108,Jessica Jones,29,Female,25/05/2020,20000.00,Marketing,3.0
 cust_1109  ,Jessica Garcia,38,female,"May 26, 2020","$71,712.76",mktg,3.0
CUST_1110,Daniel Jones,57,female,2020.05.27,79233.48,ENGINEERING,3.0
,Emma Miller,36,Female,"May 29, 2020","$66,316.81",mktg,3.0
CUST_1112,Emily Rodriguez,20,Unknown,2020-05-30,79894.99,Ops,3.0
CUST_1113,Emily Smith,35,Female,31/05/2020,36718.48,Human Resources,3.0
CUST_1114,Daniel Davis,70,,"June 02, 2020","$41,378.26",Engineering,3.0
CUST_1115,Emily Williams,68,female,2020-06-03,68098.95,Operations,1.0
CUST_1116,Laura Jones,36,male,2020-06-04,"$108,952",HR,1.0
CUST_1117,Emma Davis,64,female,2020-06-06,"$79,017.02",Sales,3.0
CUST_1118,Emily Brown,23,FEMALE,2020-06-07,"80,180 USD",sales,2.0
CUST_1119,LAURA GARCIA,33,Female,08/06/2020,"$38,158.09",sales,3.0
CUST_1120,Sarah Johnson,25,Female,2020-06-10,"$75,560.13",,4.0
CUST_1121,Michael Williams,65,MALE,2020-06-11,"$35,446.27",Operations,4.0
CUST_1122,John Williams,35,male,2020-06-13,"109,194 USD",Operations,3.0
CUST_1123,Jessica Garcia,69,male,14/06/2020,39701.82,Operations,4.0
CUST_1124,,65,Female,2020-06-15,"$45,088",Sales,3.0
CUST_1125,David Brown,60,,17/06/2020,28173.11,Human Resources,4.0
CUST_1126,Michael Brown,56,Female,2020-06-18,"$67,145.41",Engineering,3.0
CUST_1127,Daniel Smith,66,Male,2020-06-19,"66,095 USD",Operations,3.0
CUST_1128,Daniel Smith,66,Female,2020-06-21,"$102,831.03",HR,3.0
CUST_1129,Sarah Brown,29,female,2020-06-22,"84,410 USD",Engineering,2.0
CUST_1130,John Rodriguez,62,MALE,2020-06-23,"$45,230.83",Sales,5.0
CUST_1131,Jessica Smith,27,Female,2020-06-25,"$86,834.89",Operations,2.0
CUST_1132,john miller,24,female,"June 26, 2020","33,912 USD",Ops,3.0
CUST_1133,Emily Brown,63,Female,27/06/2020,,Sales,3.0
CUST_1134,Jessica Davis,72,,2020-06-29,"$67,961.49",Engineering,1.0
CUST_1135,   James Wilson   ,18,F,2020-06-30,"36,703 USD",mktg,2.0
CUST_1136,David Rodriguez,66,Male,,"$91,616.47",mktg,1.0
CUST_1137,   Emily Wilson   ,53,Unknown,03/07/2020,"121,983 USD",Ops,3.0
CUST_1138,Sarah Williams,38,Male,2020-07-04,"57,637 USD",ENGINEERING,4.0
CUST_1139,John Miller,,Male,05/07/2020,"$48,707.83",sales,3.0
CUST_1140,Jessica Smith,69,F,"July 07, 2020","$61,760.26",Ops,2.0
CUST_1141,Michael Jones,41,Male,"July 08, 2020","$51,065.69",mktg,3.0
CUST_1142,Michael Wilson,72,Female,2020-07-09,"$71,543.26",Ops,5.0
CUST_1143,Michael Wilson,42,female,2020-07-11,"$31,939.89",,
CUST_1144,,24,female,2020-07-12,72962.66,mktg,3.0
CUST_1145,David Brown,59,Unknown,2020.07.13,,Human Resources,5.0
CUST_1146,John Jones,34,male,15/07/2020,"$20,000.00",Operations,2.0
CUST_1147,Emma Jones,46,Female,2020-07-16,35783.81,Human Resources,3.0
CUST_1148,Emily Miller,47,Male,2020.07.17,53873.57,ENGINEERING,3.0
CUST_1149,Emma Brown,,M,2020.07.19,"$78,547",Ops,5.0
CUST_1150,Daniel Davis,50,female,,87259.55,Marketing,5.0
CUST_1151,Sarah Williams,24,male,"July 22, 2020",85248.36,mktg,4.0
CUST_1152,JOHN GARCIA,,Female,,22707.45,Operations,3.0
CUST_1153,James Brown,28,Female,2020-07-24,"$48,141.35",Marketing,3.0
CUST_1154,Jessica Rodriguez,26,Female,"July 26, 2020","$42,492.08",Marketing,3.0
CUST_1155,Jessica Rodriguez,,Other,"July 27, 2020",63370.03,Human Resources,4.0
CUST_1156,EMILY GARCIA,52,Male,2020-07-28,"$65,457.00",sales,5.0
CUST_1157,James Brown,21,Female,2020-07-30,30769.32,Engineering,3.0
CUST_1158,David Garcia,53,female,,"$54,011.14",sales,3.0
CUST_1159,Emma Miller,45,Female,2020-08-01,79512.96,Ops,2.0
CUST_1160,Daniel Williams,74,Male,"August 03, 2020","$49,291.73",Ops,3.0
CUST_1161,Daniel Garcia,30,Female,2020-08-04,"$59,994",sales,3.0
CUST_1162,Emma Miller,40,male,2020-08-05,"$107,422",Engineering,
CUST_1163,Emma Rodriguez,36,Male,2020-08-07,"$114,750.74",mktg,3.0
CUST_1164,Jessica Rodriguez,59,female,2020-08-08,"$20,000.00",Marketing,1.0
CUST_1165,Emily Garcia,54,Female,09/08/2020,67847.44,Marketing,4.0
CUST_1166,Emily Johnson,56,FEMALE,11/08/2020,"$137,925.82",sales,4.0
CUST_1167,EMMA RODRIGUEZ,,female,2020-08-12,"$76,971.17",sales,
CUST_1168,David Brown,33,Female,2020-08-13,"$65,462.25",Sales,4.0
CUST_1169,Sarah Smith,50,Male,2020-08-15,"$97,817",Engineering,3.0
 cust_1170  ,Daniel Miller,29,M,2020-08-16,"$70,452",Human Resources,3.0
CUST_1171,Sarah Garcia,51,Male,"August 17, 2020",82728.43,,5.0
CUST_1172,Emily Garcia,24,F,2020-08-19,59742.39,Human Resources,3.0
CUST_1173,DANIEL JONES,28,Male,2020-08-20,"$70,088",Operations,4.0
CUST_1174,Emma Wilson,48,male,2020-08-21,"$75,666",mktg,4.0
CUST_1175,Laura Rodriguez,46,Female,2020-08-23,,sales,4.0
CUST_1176,David Wilson,,male,2020-08-24,"$54,206.98",Sales,1.0
CUST_1177,David Johnson,48,Male,2020-08-25,"$53,527.52",Sales,2.0
CUST_1178,David Williams,19,Female,"August 27, 2020","20,000 USD",Ops,3.0
CUST_1179,Daniel Wilson,56,Male,2020.08.28,55321.22,Operations,4.0
CUST_1180,David Garcia,32,Male,"August 30, 2020","$88,825.88",mktg,4.0
CUST_1181,John Williams,199,male,2020-08-31,"$76,580.61",mktg,3.0
CUST_1182,Michael Rodriguez,28,Female,2020-09-01,"$9,999,999.00",ENGINEERING,3.0
CUST_1183,David Rodriguez,51,Female,2020-09-03,"$20,000",sales,
CUST_1184,James Smith,56,M,04/09/2020,"$61,439.48",,4.0
CUST_1185,Sarah Jones,21,Female,,"$88,094",Engineering,3.0
CUST_1186,Emily Wilson,28,male,2020-09-07,53027.54,Engineering,3.0
CUST_1187,James Davis,46,FEMALE,2020-09-08,"28,877 USD",HR,5.0
CUST_1188,Jessica Davis,19,Male,09/09/2020,50262.32,mktg,3.0
CUST_1189,John Smith,33,Female,"September 11, 2020","$73,153.97",Human Resources,4.0
CUST_1190,Laura Johnson,56,F,"September 12, 2020",96060.93,Operations,
CUST_1191,Emma Rodriguez,30,female,13/09/2020,58582.62,Sales,3.0
CUST_1192,Daniel Miller,54,Male,,91372.31,sales,4.0
CUST_1193,John Smith,34,male,2020-09-16,"$88,601.05",Operations,1.0
CUST_1194,Sarah Miller,38,Female,2020.09.17,,Marketing,3.0
CUST_1195,Jessica Johnson,61,Male,,"$96,267.70",ENGINEERING,3.0
CUST_1196,John Wilson,36,female,"September 20, 2020","$72,377.82",Sales,4.0
CUST_1197,david jones,24,Female,2020-09-21,34832.92,Operations,3.0
CUST_1198,SARAH MILLER,55,Female,2020-09-23,109020.78,Operations,2.0
,James Johnson,25,Male,2020-09-24,61860.61,ENGINEERING,5.0
CUST_1200,Emma Johnson,30,Female,2020-09-25,"20,000 USD",,3.0
CUST_1201,Michael Davis,54,Female,"September 27, 2020",47343.34,Ops,2.0
CUST_1202,Jessica Garcia,19,female,2020-09-28,41188.64,Sales,2.0
CUST_1203,Laura Miller,58,Male,2020-09-29,"47,957 USD",,5.0
CUST_1204,emma williams,28,Male,"October 01, 2020","$53,870.36",Sales,2.0
CUST_1205,Michael Smith,41,male,2020-10-02,58565.27,ENGINEERING,3.0
CUST_1206,Daniel Jones,23,Male,2020-10-03,"$57,625",Marketing,3.0
CUST_1207,   Emily Wilson   ,43,Female,2020-10-05,"$62,562.87",Engineering,4.0
CUST_1208,Emily Brown,24,F,06/10/2020,79684.83,sales,4.0
CUST_1209,Jessica Garcia,74,male,2020-10-07,"$46,339",mktg,3.0
CUST_1210,Laura Jones,56,female,"October 09, 2020","$94,525.01",Engineering,1.0
CUST_1211,Jessica Brown,,Male,2020-10-10,34370.41,Ops,4.0
CUST_1212,James Garcia,23,Male,2020.10.12,,Sales,3.0
CUST_1213,Emma Wilson,60,Male,2020-10-13,"$106,081.78",Marketing,5.0
CUST_1214,John Johnson,46,male,2020-10-14,"$60,566.09",sales,3.0
CUST_1215,james garcia,60,F,2020-10-16,"$69,837",sales,4.0
CUST_1216,   Michael Garcia   ,56,Male,2020-10-17,"$40,801",ENGINEERING,1.0
CUST_1217,John Wilson,19,Female,2020-10-18,52205.46,,4.0
CUST_1218,EMILY WILLIAMS,-8,MALE,2020-10-20,104191.96,ENGINEERING,3.0
CUST_1219,Jessica Davis,21,FEMALE,2020-10-21,"83,712 USD",Human Resources,3.0
CUST_1220,Emily Davis,23,Male,22/10/2020,"75,464 USD",Sales,2.0
CUST_1221,   James Johnson   ,66,Male,2020-10-24,"$20,000.00",HR,2.0
CUST_1222,michael jones,74,Male,2020-10-25,"$47,088.18",Ops,2.0
CUST_1223,Michael Garcia,54,M,"October 26, 2020",108474.80,Operations,3.0
CUST_1224,Emma Garcia,45,male,2020.10.28,"$75,271",Ops,4.0
CUST_1225,Laura Rodriguez,47,female,2020-10-29,"$78,390",mktg,3.0
CUST_1226,Emily Jones,24,Female,2020-10-30,,ENGINEERING,4.0
CUST_1227,David Garcia,26,Female,,"$49,675",mktg,2.0
CUST_1228,Daniel Rodriguez,42,Female,2020-11-02,73313.54,Ops,3.0
CUST_1229,Laura Johnson,50,Male,,26744.65,Human Resources,3.0
CUST_1230,emma brown,18,M,2020-11-05,"24,864 USD",mktg,5.0
CUST_1231,Jessica Johnson,68,Unknown,"November 06, 2020","46,618 USD",Sales,4.0
CUST_1232,Daniel Williams,23,female,2020-11-07,69804.11,Marketing,3.0
CUST_1233,michael johnson,35,F,2020.11.09,"$25,758.17",HR,4.0
CUST_1234,Laura Miller,27,female,2020-11-10,"$68,176",HR,2.0
CUST_1235,John Smith,45,Male,11/11/2020,40136.02,Ops,
CUST_1236,Daniel Garcia,28,Male,2020-11-13,"$43,504.36",Operations,1.0
CUST_1237,David Jones,50,Male,2020-11-14,97489.71,ENGINEERING,3.0
CUST_1238,Emily Miller,18,male,"November 15, 2020","65,932 USD",Ops,2.0
CUST_1239,Jessica Williams,30,Male,2020-11-17,"$42,404.87",mktg,4.0
 cust_1240  ,James Davis,54,MALE,2020.11.18,"69,671 USD",Human Resources,3.0
CUST_1241,John Davis,37,Female,2020-11-20,"$9,999,999.00",Marketing,
CUST_1242,David Jones,18,female,"November 21, 2020","$74,558.26",HR,3.0
CUST_1243,Sarah Brown,227,female,2020-11-22,92682.95,Engineering,2.0
CUST_1244,Jessica Wilson,20,FEMALE,,"81,543 USD",HR,4.0
CUST_1245,Daniel Jones,35,Male,,,Marketing,4.0
CUST_1246,James Williams,58,Male,2020-11-26,"20,000 USD",Sales,5.0
CUST_1247,John Brown,31,Female,"November 28, 2020","$68,174",mktg,3.0
CUST_1248,James Brown,48,male,"November 29, 2020","$31,412.48",sales,4.0
CUST_1249,Sarah Wilson,44,male,2020-11-30,"$60,669.46",Human Resources,4.0
CUST_1250,David Williams,34,male,02/12/2020,65038.60,Operations,2.0
CUST_1251,   James Brown   ,,male,2020-12-03,"$121,996.14",Engineering,2.0
CUST_1252,Jessica Johnson,63,Female,"December 04, 2020","63,506 USD",Ops,1.0
CUST_1253,Jessica Williams,46,M,2020-12-06,"63,039 USD",ENGINEERING,3.0
,James Johnson,53,,2020-12-07,,ENGINEERING,3.0
,James Jones,54,Female,2020-12-08,"$63,679.46",ENGINEERING,5.0
CUST_1256,   Laura Johnson   ,43,male,10/12/2020,110778.68,Engineering,3.0
CUST_1257,Jessica Williams,70,male,"December 11, 2020",81742.11,Marketing,4.0
CUST_1258,Emma Jones,34,Male,,"$85,712.58",Operations,4.0
CUST_1259,Laura Wilson,39,male,2020-12-14,20000.00,HR,2.0
CUST_1260,John Jones,-6,female,2020-12-15,114630.32,Ops,1.0
CUST_1261,Michael Brown,19,female,16/12/2020,48588.53,sales,3.0
CUST_1262,Sarah Rodriguez,72,Female,18/12/2020,"$64,756.75",Operations,4.0
CUST_1263,michael johnson,39,Male,2020-12-19,"$48,682.40",Ops,5.0
CUST_1264,,22,Female,2020-12-20,39393.72,sales,3.0
CUST_1265,Daniel Miller,21,Female,2020-12-22,"$34,945.79",Human Resources,4.0
CUST_1266,John Jones,53,Female,2020-12-23,"$67,581.04",Marketing,3.0
CUST_1267,Michael Smith,23,Female,"December 24, 2020","$20,000.00",Human Resources,4.0
CUST_1268,   Emily Johnson   ,69,Female,2020-12-26,"$58,929.94",Marketing,3.0
CUST_1269,Sarah Williams,38,Female,"December 27, 2020","$91,444.22",mktg,1.0
CUST_1270,Laura Garcia,30,Female,2020-12-29,"$80,798.56",HR,1.0
CUST_1271,daniel miller,71,Male,2020-12-30,75810.88,Sales,1.0
CUST_1272,James Brown,54,female,"December 31, 2020","42,615 USD",Sales,3.0
CUST_1273,John Garcia,72,Male,02/01/2021,25347.62,Marketing,
CUST_1274,Daniel Davis,42,Male,2021-01-03,"91,045 USD",Sales,2.0
CUST_1275,Michael Brown,,Other,04/01/2021,53776.00,Engineering,3.0
CUST_1276,Emma Rodriguez,72,FEMALE,2021-01-06,62923.04,Ops,3.0
 cust_1277  ,Jessica Jones,56,Male,"January 07, 2021","60,060 USD",Operations,4.0
CUST_1278,Michael Rodriguez,37,M,2021-01-08,81809.82,Human Resources,
CUST_1279,   David Jones   ,50,Male,10/01/2021,"111,083 USD",mktg,4.0
CUST_1280,Emily Brown,31,Female,2021-01-11,101559.35,HR,3.0
CUST_1281,JOHN DAVIS,73,female,2021-01-12,20000.00,HR,3.0
CUST_1282,James Williams,53,FEMALE,,"57,287 USD",mktg,4.0
CUST_1283,Sarah Williams,,Female,"January 15, 2021","$31,331.41",ENGINEERING,2.0
CUST_1284,John Miller,38,male,2021-01-16,"$88,460.72",ENGINEERING,3.0
CUST_1285,Daniel Johnson,63,Female,2021-01-18,"$65,099.59",ENGINEERING,
CUST_1286,Laura Miller,33,male,2021-01-19,"$80,153.80",mktg,3.0
CUST_1287,Emily Jones,63,F,20/01/2021,"$55,146.89",Sales,
CUST_1288,Laura Williams,33,female,"January 22, 2021",39015.71,sales,3.0
CUST_1289,michael brown,73,Female,23/01/2021,"43,293 USD",mktg,3.0
CUST_1290,John Rodriguez,37,male,2021-01-24,"26,675 USD",Sales,2.0
CUST_1291,Laura Garcia,46,male,"January 26, 2021","$33,409.15",Operations,5.0
CUST_1292,Emma Miller,45,Male,2021-01-27,,,3.0
CUST_1293,Daniel Miller,25,female,2021-01-28,39107.43,Human Resources,3.0
CUST_1294,James Williams,41,MALE,30/01/2021,"$37,693.05",Sales,3.0
CUST_1295,Michael Williams,20,male,,"74,852 USD",HR,2.0
CUST_1296,EMMA WILLIAMS,42,MALE,"February 01, 2021","73,872 USD",Marketing,2.0
CUST_1297,James Brown,36,female,03/02/2021,"74,825 USD",Marketing,3.0
CUST_1298,Daniel Rodriguez,50,Male,04/02/2021,"$94,374.88",mktg,2.0
CUST_1299,Daniel Rodriguez,19,female,2021.02.05,63041.55,Human Resources,3.0
CUST_1300,Michael Brown,32,F,2021-02-07,"$45,480",Human Resources,4.0
CUST_1301,Laura Miller,39,FEMALE,2021-02-08,120285.09,Marketing,3.0
CUST_1302,David Brown,27,male,,"87,641 USD",Sales,3.0
CUST_1303,Laura Smith,35,Male,"February 11, 2021",68807.99,Operations,4.0
CUST_1304,James Smith,39,male,2021-02-12,"67,072 USD",mktg,5.0
CUST_1305,Laura Brown,63,male,2021-02-14,"$72,241.34",Operations,2.0
CUST_1306,James Jones,66,Male,2021-02-15,59947.47,ENGINEERING,4.0
CUST_1307,Michael Rodriguez,,Female,2021-02-16,"$68,205.61",sales,3.0
CUST_1308,James Brown,30,MALE,,"77,484 USD",Engineering,2.0
CUST_1309,Emily Garcia,50,female,2021-02-19,"46,837 USD",ENGINEERING,3.0
CUST_1310,Sarah Rodriguez,22,Male,"February 20, 2021","$24,147.10",,3.0
CUST_1311,Jessica Rodriguez,43,,2021-02-22,"20,000 USD",HR,4.0
CUST_1312,   Laura Davis   ,30,female,2021-02-23,87197.47,Engineering,3.0
CUST_1313,John Williams,44,female,2021-02-24,"$25,426.90",HR,3.0
CUST_1314,   Sarah Jones   ,74,F,"February 26, 2021",76633.60,mktg,4.0
CUST_1315,   David Jones   ,31,Female,27/02/2021,"$36,141.10",ENGINEERING,3.0
CUST_1316,   Emily Jones   ,41,F,28/02/2021,36543.85,Human Resources,4.0
CUST_1317,MICHAEL SMITH,20,male,2021-03-02,"$47,045.03",Marketing,4.0
CUST_1318,David Rodriguez,64,Female,2021-03-03,"69,853 USD",Marketing,3.0
CUST_1319,   James Brown   ,68,Male,2021-03-04,"32,785 USD",Operations,5.0
CUST_1320,Michael Smith,66,Male,2021-03-06,49576.69,Engineering,1.0
 cust_1321  ,Sarah Garcia,47,Male,07/03/2021,"$64,357.02",Ops,1.0
CUST_1322,John Garcia,52,Male,08/03/2021,"$34,743",ENGINEERING,3.0
 cust_1323  ,Daniel Garcia,65,male,10/03/2021,"100,706 USD",Marketing,3.0
CUST_1324,Jessica Rodriguez,31,Male,2021-03-11,"$21,936.56",Sales,
CUST_1325,Michael Wilson,29,Male,2021-03-12,"59,546 USD",Human Resources,3.0
CUST_1326,Emily Miller,45,,2021-03-14,"$96,813.52",HR,2.0
CUST_1327,   Laura Jones   ,61,Male,2021-03-15,31888.34,mktg,2.0
CUST_1328,michael miller,46,female,"March 16, 2021",62259.35,Operations,4.0
CUST_1329,Emily Rodriguez,60,Male,18/03/2021,68321.47,Engineering,4.0
CUST_1330,Michael Brown,34,F,2021-03-19,"$44,831",sales,3.0
CUST_1331,Daniel Davis,57,F,2021-03-21,63062.93,Marketing,3.0
CUST_1332,Emily Miller,66,Female,"March 22, 2021","$79,036.11",Operations,3.0
CUST_1333,Michael Miller,38,Female,23/03/2021,"$53,321",Sales,2.0
CUST_1334,Sarah Garcia,74,Male,25/03/2021,"$84,108",Sales,3.0
CUST_1335,Sarah Davis,40,Unknown,2021-03-26,"74,818 USD",Ops,4.0
CUST_1336,James Smith,37,,2021-03-27,50427.49,Engineering,3.0
CUST_1337,laura davis,28,F,,"$93,186.36",Ops,1.0
CUST_1338,Jessica Miller,74,Female,"March 30, 2021","46,477 USD",Engineering,5.0
CUST_1339,Jessica Rodriguez,74,male,2021-03-31,"$86,397.33",Marketing,4.0
CUST_1340,Sarah Smith,51,F,"April 02, 2021","$46,924.61",ENGINEERING,3.0
CUST_1341,Jessica Wilson,27,male,"April 03, 2021",57098.17,mktg,3.0
CUST_1342,Laura Williams,,Female,2021-04-04,"$60,933.89",HR,5.0
CUST_1343,Emma Smith,60,Male,2021-04-06,"$73,464.58",HR,
 cust_1344  ,James Smith,23,F,2021-04-07,20000.00,ENGINEERING,3.0
CUST_1345,   Michael Garcia   ,53,,2021-04-08,"$76,450.39",Sales,3.0
CUST_1346,Michael Brown,41,Male,10/04/2021,"$62,438.02",Human Resources,3.0
CUST_1347,   Laura Smith   ,29,Female,2021-04-11,"$72,143.50",mktg,4.0
CUST_1348,Jessica Smith,60,female,"April 12, 2021","$77,562.21",Marketing,3.0
CUST_1349,John Garcia,72,Female,,"74,845 USD",ENGINEERING,1.0
CUST_1350,Emily Smith,40,Male,2021-04-15,"20,000 USD",mktg,1.0
CUST_1351,Emma Davis,44,Male,2021-04-16,38474.74,HR,1.0
CUST_1352,,74,female,"April 18, 2021",73320.40,mktg,3.0
CUST_1353,john wilson,,Unknown,"April 19, 2021","$69,992.40",Engineering,4.0
CUST_1354,Jessica Rodriguez,54,,"April 20, 2021","$45,261.16",Operations,2.0
CUST_1355,James Garcia,23,MALE,2021-04-22,"$83,440.98",Engineering,3.0
CUST_1356,DAVID SMITH,18,F,2021-04-23,58589.37,ENGINEERING,4.0
CUST_1357,   James Smith   ,23,,24/04/2021,"87,143 USD",Marketing,3.0
 cust_1358  ,Laura Jones,67,Female,,95250.53,sales,3.0
CUST_1359,Michael Davis,39,MALE,2021-04-27,"$71,957.55",Ops,4.0
CUST_1360,,-5,M,2021.04.29,"$78,888.81",Ops,3.0
CUST_1361,daniel williams,41,female,2021-04-30,"49,788 USD",sales,3.0
 cust_1362  ,John Garcia,,Female,,"$87,305.25",mktg,3.0
CUST_1363,,32,male,03/05/2021,"70,453 USD",sales,5.0
CUST_1364,Laura Jones,43,male,2021-05-04,57632.22,Ops,3.0
CUST_1365,John Wilson,25,Male,05/05/2021,"34,530 USD",Sales,3.0
CUST_1366,Daniel Wilson,68,Female,2021-05-07,"$52,864",HR,3.0
CUST_1367,David Garcia,41,Male,2021-05-08,"$37,263",Ops,1.0
CUST_1368,James Davis,65,Male,2021-05-09,84037.24,Ops,3.0
CUST_1369,Daniel Smith,55,Female,2021-05-11,95510.75,Sales,3.0
CUST_1370,Emily Johnson,23,Female,2021-05-12,"$87,906.73",Ops,2.0
CUST_1371,Sarah Johnson,71,female,"May 13, 2021","$127,151",mktg,3.0
CUST_1372,Emily Smith,52,Female,15/05/2021,53489.83,Sales,1.0
CUST_1373,Emily Johnson,59,F,2021-05-16,"$79,914.31",HR,3.0
CUST_1374,David Williams,18,FEMALE,"May 17, 2021",35466.13,Marketing,2.0
CUST_1375,Laura Brown,63,female,19/05/2021,"$60,068.73",Engineering,1.0
CUST_1376,John Smith,53,Female,,28066.27,Marketing,4.0
CUST_1377,Emma Williams,29,male,21/05/2021,79204.86,,5.0
CUST_1378,James Davis,55,Unknown,2021-05-23,"$56,112.71",Sales,2.0
CUST_1379,Sarah Rodriguez,28,male,2021-05-24,"$20,000.00",ENGINEERING,3.0
 cust_1380  ,Emma Johnson,29,Male,25/05/2021,"$47,875",Operations,3.0
CUST_1381,Michael Wilson,59,M,2021-05-27,"109,828 USD",Operations,3.0
CUST_1382,Sarah Williams,67,Male,2021-05-28,"75,261 USD",Sales,3.0
CUST_1383,Jessica Rodriguez,56,Other,2021-05-29,"$84,227.32",Engineering,3.0
CUST_1384,James Davis,290,Female,2021-05-31,"68,139 USD",ENGINEERING,4.0
CUST_1385,Michael Brown,303,Female,2021-06-01,60461.03,sales,2.0
CUST_1386,JESSICA JONES,53,Female,2021-06-02,"$65,389.48",Human Resources,1.0
CUST_1387,Sarah Miller,152,Female,2021-06-04,"$71,135.82",Engineering,4.0
CUST_1388,Michael Garcia,48,Male,05/06/2021,"$37,583.69",Sales,3.0
CUST_1389,Sarah Smith,50,Female,06/06/2021,"$84,076.55",Sales,3.0
 cust_1390  ,James Williams,30,Female,2021-06-08,,Engineering,3.0
CUST_1391,john davis,35,M,2021-06-09,"$60,085.27",mktg,3.0
CUST_1392,Emma Jones,58,female,2021-06-11,51923.99,ENGINEERING,3.0
CUST_1393,David Smith,73,Male,2021-06-12,46452.28,Sales,99.0
CUST_1394,James Davis,41,Male,2021-06-13,"$108,980.42",Human Resources,3.0
CUST_1395,Laura Rodriguez,26,Male,2021-06-15,53693.23,sales,3.0
CUST_1396,jessica jones,48,male,16/06/2021,"$81,332.86",Marketing,4.0
CUST_1397,Jessica Johnson,,female,2021-06-17,"60,261 USD",HR,
CUST_1398,Emily Williams,58,female,2021-06-19,"$58,909.25",Human Resources,3.0
CUST_1399,Daniel Rodriguez,27,male,2021-06-20,45881.26,HR,3.0
CUST_1400,David Miller,19,Female,21/06/2021,"40,743 USD",Ops,3.0
CUST_1401,Emma Johnson,55,Female,"June 23, 2021","$83,498",mktg,3.0
CUST_1402,Michael Williams,32,Male,"June 24, 2021","40,177 USD",Human Resources,3.0
CUST_1403,James Davis,20,Male,25/06/2021,76562.98,Operations,4.0
CUST_1404,Laura Wilson,60,Other,2021-06-27,"$67,264.60",mktg,4.0
CUST_1405,JAMES MILLER,48,Female,2021-06-28,83815.96,Operations,4.0
CUST_1406,   Emily Smith   ,23,Unknown,"June 29, 2021","49,751 USD",sales,4.0
CUST_1407,Laura Davis,20,male,2021-07-01,"$92,004",sales,5.0
CUST_1408,Sarah Garcia,73,Female,,"$61,470.24",sales,3.0
CUST_1409,,28,Male,03/07/2021,"$129,792.37",mktg,5.0
,Emily Jones,32,male,05/07/2021,"24,646 USD",sales,2.0
 cust_1411  ,LAURA SMITH,62,Female,2021-07-06,125723.37,Engineering,1.0
CUST_1412,john brown,69,male,07/07/2021,"$61,840.85",HR,3.0
CUST_1413,Michael Wilson,45,Male,2021-07-09,70570.05,HR,5.0
CUST_1414,Sarah Williams,27,male,2021-07-10,49892.76,ENGINEERING,3.0
CUST_1415,John Smith,55,Male,2021-07-11,,Operations,2.0
CUST_1416,Jessica Jones,64,Female,"July 13, 2021",51790.08,HR,3.0
CUST_1417,Laura Johnson,74,Female,2021-07-14,"$55,857.83",Sales,3.0
CUST_1418,Emily Garcia,67,Male,2021-07-15,"$69,570.04",HR,3.0
CUST_1419,,67,Male,2021-07-17,"$93,028.46",Sales,4.0
CUST_1420,Emily Smith,24,Male,18/07/2021,69768.27,ENGINEERING,5.0
CUST_1421,Sarah Jones,32,,20/07/2021,70203.54,Ops,4.0
CUST_1422,   Laura Garcia   ,35,Male,21/07/2021,"$74,609.19",mktg,3.0
 cust_1423  ,Michael Brown,,female,2021-07-22,"-$4,500.00",Human Resources,3.0
CUST_1424,Emma Miller,69,Male,2021-07-24,"23,437 USD",Ops,3.0
CUST_1425,Emma Williams,58,Male,25/07/2021,"$27,575.28",ENGINEERING,3.0
CUST_1426,Sarah Miller,41,F,2021-07-26,"$55,668.15",HR,2.0
 cust_1427  ,David Wilson,19,Female,2021.07.28,,HR,4.0
CUST_1428,David Wilson,57,Male,29/07/2021,"$47,755.31",Operations,3.0
CUST_1429,David Wilson,37,female,2021-07-30,"30,794 USD",mktg,4.0
CUST_1430,David Williams,51,Female,2021-08-01,77192.89,ENGINEERING,5.0
CUST_1431,   Daniel Miller   ,60,female,"August 02, 2021","75,941 USD",sales,1.0
CUST_1432,Emily Johnson,43,Female,2021-08-03,"57,484 USD",Human Resources,5.0
CUST_1433,James Smith,24,Female,2021-08-05,"20,000 USD",Ops,4.0
CUST_1434,Emily Smith,55,Unknown,06/08/2021,"$59,071",Engineering,3.0
CUST_1435,Jessica Brown,47,Male,2021-08-07,"$73,216",Engineering,3.0
CUST_1436,David Jones,324,Female,"August 09, 2021",85268.17,Engineering,3.0
CUST_1437,James Smith,22,MALE,2021-08-10,"$108,835.12",ENGINEERING,3.0
CUST_1438,Sarah Miller,,Male,"August 11, 2021","$92,962.45",sales,3.0
 cust_1439  ,David Davis,18,Male,2021-08-13,"69,119 USD",Marketing,2.0
CUST_1440,Michael Williams,51,Male,2021-08-14,"57,869 USD",Engineering,3.0
CUST_1441,Emma Johnson,73,Female,"August 15, 2021","$46,426.65",Ops,3.0
CUST_1442,Michael Wilson,18,Female,17/08/2021,"$98,891.55",Marketing,1.0
CUST_1443,John Jones,36,Female,2021-08-18,"69,165 USD",Human Resources,3.0
CUST_1444,David Davis,19,Male,2021-08-19,"$80,763.61",Operations,3.0
CUST_1445,Emily Williams,38,MALE,21/08/2021,50244.51,sales,
CUST_1446,John Garcia,37,,2021-08-22,"33,977 USD",Operations,1.0
CUST_1447,Michael Johnson,40,male,,54991.56,Ops,4.0
CUST_1448,Emily Williams,38,Female,,"$57,426.79",mktg,3.0
CUST_1449,John Williams,41,female,26/08/2021,"$69,794.31",mktg,2.0
CUST_1450,sarah garcia,21,female,2021-08-28,"$46,564.15",Engineering,3.0
CUST_1451,Jessica Rodriguez,29,Female,2021-08-29,"$65,624.25",Ops,3.0
CUST_1452,Laura Wilson,39,female,30/08/2021,94442.66,Operations,
CUST_1453,Michael Jones,37,male,2021-09-01,23175.96,ENGINEERING,3.0
CUST_1454,Daniel Jones,35,F,2021-09-02,"$20,000.00",Marketing,4.0
CUST_1455,Laura Jones,18,Male,2021-09-03,"$96,147.85",Engineering,4.0
CUST_1456,John Jones,47,male,2021-09-05,"$28,409.34",Marketing,2.0
CUST_1457,Emily Miller,50,Male,2021-09-06,,HR,4.0
CUST_1458,Michael Jones,41,female,2021-09-07,80211.99,HR,3.0
CUST_1459,Sarah Miller,31,M,"September 09, 2021","$63,519",HR,5.0
CUST_1460,Jessica Jones,53,Male,2021-09-10,"63,168 USD",mktg,1.0
CUST_1461,Jessica Davis,22,Male,2021-09-11,66809.92,Sales,3.0
CUST_1462,David Smith,28,F,2021-09-13,"127,968 USD",Ops,3.0
CUST_1463,Laura Brown,41,female,14/09/2021,"$109,515.62",,3.0
CUST_1464,James Wilson,48,Female,2021-09-15,"47,657 USD",Ops,4.0
CUST_1465,Jessica Smith,72,Female,17/09/2021,"$91,272.21",Human Resources,3.0
CUST_1466,MICHAEL WILLIAMS,30,MALE,,"77,638 USD",,1.0
CUST_1467,Emma Brown,33,male,2021-09-19,"$64,512.13",HR,3.0
CUST_1468,Jessica Davis,41,F,2021-09-21,"42,303 USD",HR,
CUST_1469,Emma Brown,30,Male,2021-09-22,"$76,284.20",Human Resources,2.0
CUST_1470,Jessica Smith,41,M,,"$57,349",sales,
CUST_1471,Laura Davis,71,male,"September 25, 2021","$55,511.00",Sales,
CUST_1472,James Williams,43,Female,"September 26, 2021","45,823 USD",sales,3.0
CUST_1473,Sarah Smith,19,MALE,2021-09-27,89995.59,mktg,3.0
CUST_1474,Michael Jones,33,Female,,"$45,806.55",sales,3.0
CUST_1475,Sarah Williams,55,Male,2021-09-30,45958.87,Ops,4.0
CUST_1476,Emily Davis,63,Female,2021-10-01,"$84,448",ENGINEERING,5.0
CUST_1477,Michael Rodriguez,18,Male,"October 03, 2021","-$4,500.00",Ops,
CUST_1478,Laura Brown,66,Male,2021.10.04,"$62,065",Engineering,4.0
CUST_1479,John Smith,,Male,2021-10-05,90822.34,mktg,3.0
CUST_1480,john smith,68,female,2021-10-07,"97,843 USD",HR,3.0
CUST_1481,Laura Williams,52,M,2021-10-08,"$20,000.00",mktg,5.0
CUST_1482,Jessica Williams,60,Female,2021-10-10,61780.64,sales,3.0
CUST_1483,DAVID DAVIS,46,Female,2021-10-11,"$29,743",Marketing,3.0
CUST_1484,Sarah Miller,54,Female,,55330.17,mktg,3.0
CUST_1485,Jessica Williams,34,MALE,14/10/2021,64831.60,Operations,3.0
CUST_1486,Jessica Wilson,71,male,"October 15, 2021","$56,128.64",mktg,3.0
CUST_1487,Emma Jones,,male,"October 16, 2021","$39,368.11",Ops,5.0
CUST_1488,,59,Female,2021-10-18,38099.83,Marketing,3.0
CUST_1489,Laura Williams,-7,Female,"October 19, 2021","83,199 USD",Sales,4.0
CUST_1490,Laura Rodriguez,46,female,20/10/2021,103370.25,Ops,3.0
CUST_1491,Michael Williams,60,female,2021-10-22,"$20,000.00",Marketing,3.0
CUST_1492,Sarah Garcia,20,Male,23/10/2021,56809.53,Marketing,5.0
CUST_1493,Emma Smith,69,Male,2021-10-24,"$83,299.10",mktg,3.0
CUST_1494,   Laura Davis   ,27,Female,"October 26, 2021",64184.91,Human Resources,2.0
CUST_1495,Daniel Williams,59,male,,"$37,158",ENGINEERING,3.0
CUST_1496,John Brown,31,Male,2021-10-28,"53,055 USD",Human Resources,3.0
CUST_1497,James Jones,29,F,"October 30, 2021","$72,553.76",Marketing,2.0
CUST_1498,John Jones,,Male,2021-10-31,"$57,320",mktg,4.0
CUST_1499,Laura Garcia,59,F,"November 01, 2021",63800.50,ENGINEERING,5.0
CUST_1500,David Rodriguez,47,Female,2021-11-03,"64,521 USD",HR,
CUST_1501,John Brown,49,female,2021-11-04,"$51,892.96",Operations,4.0
CUST_1502,Michael Johnson,49,Male,2021-11-05,"85,414 USD",sales,4.0
CUST_1503,Laura Davis,59,Male,07/11/2021,"$53,062.71",ENGINEERING,
CUST_1504,James Johnson,49,Female,2021-11-08,39863.30,HR,1.0
CUST_1505,Emily Miller,43,Male,2021.11.09,"$120,740.99",HR,2.0
CUST_1506,Michael Garcia,68,male,2021-11-11,"$63,055.15",Operations,1.0
CUST_1507,   Michael Johnson   ,18,,2021.11.12,"$20,000.00",Engineering,1.0
CUST_1508,Michael Miller,73,Male,13/11/2021,"$96,368.62",Sales,3.0
CUST_1509,Sarah Garcia,59,Male,2021-11-15,"$96,288.22",Operations,3.0
,John Davis,19,female,2021-11-16,"76,429 USD",Sales,3.0
CUST_1511,sarah wilson,34,Male,18/11/2021,"$80,790.88",Engineering,1.0
CUST_1512,Jessica Johnson,47,Male,19/11/2021,118993.56,Engineering,3.0
CUST_1513,sarah wilson,73,Female,20/11/2021,"$40,929.96",Operations,3.0
CUST_1514,Laura Johnson,56,Other,2021-11-22,"$68,331",Sales,4.0
CUST_1515,Daniel Williams,24,male,2021-11-23,"$114,243",Human Resources,1.0
CUST_1516,Laura Davis,69,Male,,"$119,539.23",sales,4.0
CUST_1517,Laura Davis,44,Female,2021-11-26,55847.69,Human Resources,5.0
CUST_1518,Jessica Davis,26,F,2021-11-27,"$115,253.77",Sales,4.0
CUST_1519,David Davis,39,female,2021-11-28,"$85,066",Ops,4.0
CUST_1520,John Smith,51,Female,"November 30, 2021",102380.36,Ops,5.0
CUST_1521,James Jones,63,male,"December 01, 2021","$84,245.52",HR,2.0
CUST_1522,David Williams,66,Female,2021-12-02,"$72,636.16",Ops,5.0
 cust_1523  ,David Williams,18,Male,2021-12-04,"$120,234.68",Ops,4.0
CUST_1524,James Rodriguez,26,Female,2021-12-05,"$51,784.75",sales,4.0
CUST_1525,Jessica Smith,37,Female,2021-12-06,"112,557 USD",,3.0
CUST_1526,Daniel Davis,70,Other,2021-12-08,116517.22,HR,
CUST_1527,Emma Wilson,36,male,,"$99,076.21",Engineering,3.0
,Emily Garcia,53,Male,2021-12-10,"$63,206.78",Sales,3.0
CUST_1529,Jessica Brown,57,Female,2021-12-12,"$71,110.88",Operations,4.0
CUST_1530,Emily Johnson,62,Female,"December 13, 2021","$33,129.86",HR,2.0
CUST_1531,Sarah Brown,21,female,2021-12-14,"53,686 USD",ENGINEERING,3.0
CUST_1532,   David Garcia   ,26,Male,16/12/2021,"$80,517.79",HR,3.0
CUST_1533,Jessica Brown,,male,2021-12-17,29332.19,Marketing,3.0
CUST_1534,,39,Female,2021-12-18,"$57,552.22",Engineering,2.0
CUST_1535,Sarah Davis,35,,2021.12.20,"$113,620.72",Sales,2.0
CUST_1536,Sarah Johnson,29,female,21/12/2021,61140.90,Ops,3.0
CUST_1537,Laura Johnson,59,MALE,2021-12-22,90840.71,Marketing,3.0
CUST_1538,James Smith,60,female,24/12/2021,79162.56,mktg,1.0
CUST_1539,James Smith,56,Female,2021.12.25,"$9,999,999.00",ENGINEERING,
CUST_1540,Emma Wilson,26,female,2021-12-27,61123.78,Human Resources,4.0
CUST_1541,Sarah Miller,23,male,2021-12-28,"$69,171.63",Engineering,4.0
CUST_1542,Jessica Smith,36,female,,20000.00,Human Resources,2.0
CUST_1543,,65,male,2021-12-31,"88,674 USD",Sales,3.0
CUST_1544,Sarah Garcia,64,Female,01/01/2022,"$62,040.50",Human Resources,3.0
CUST_1545,JAMES MILLER,24,Male,02/01/2022,89547.93,Sales,5.0
CUST_1546,David Rodriguez,33,MALE,04/01/2022,"$74,705.02",Sales,4.0
CUST_1547,,22,male,2022-01-05,"$60,936.01",sales,3.0
CUST_1548,Michael Rodriguez,33,male,2022-01-06,69938.72,sales,4.0
CUST_1549,Sarah Brown,18,Other,08/01/2022,"$70,023",ENGINEERING,2.0
CUST_1550,Emily Johnson,68,Male,2022-01-09,"$101,905",Sales,1.0
CUST_1551,Michael Williams,54,female,2022-01-10,"$66,566.36",ENGINEERING,4.0
CUST_1552,John Miller,56,Unknown,2022-01-12,72204.14,sales,2.0
CUST_1553,Laura Williams,36,Male,2022-01-13,33452.76,,2.0
CUST_1554,David Smith,71,Female,,"$63,823.91",ENGINEERING,4.0
CUST_1555,Emma Davis,54,male,2022-01-16,"101,358 USD",Operations,3.0
CUST_1556,Emma Smith,34,Male,,"75,721 USD",Operations,3.0
CUST_1557,James Garcia,43,M,2022-01-18,"$37,975",Sales,5.0
CUST_1558,Daniel Wilson,39,FEMALE,20/01/2022,"$40,654.29",Marketing,3.0
CUST_1559,Daniel Jones,25,Male,2022-01-21,"$46,462.61",Human Resources,2.0
CUST_1560,David Jones,50,Female,"January 22, 2022","89,991 USD",ENGINEERING,2.0
CUST_1561,John Garcia,19,Female,"January 24, 2022","86,914 USD",Marketing,2.0
CUST_1562,JOHN BROWN,47,,2022-01-25,"$20,000",sales,1.0
CUST_1563,James Rodriguez,64,Male,2022.01.26,"$62,965.36",Engineering,2.0
CUST_1564,David Brown,,Female,2022-01-28,68690.95,Human Resources,3.0
CUST_1565,,35,Female,29/01/2022,40946.41,Ops,3.0
CUST_1566,David Wilson,60,Female,,"$55,238.13",Human Resources,4.0
CUST_1567,John Jones,74,FEMALE,"February 01, 2022",98274.96,ENGINEERING,4.0
CUST_1568,Jessica Davis,27,female,,75221.08,Sales,4.0
CUST_1569,James Williams,41,Male,2022-02-03,"$52,510.43",Sales,3.0
 cust_1570  ,Sarah Williams,73,MALE,2022-02-05,"$60,317.29",ENGINEERING,2.0
CUST_1571,   James Davis   ,21,male,2022-02-06,59303.17,ENGINEERING,4.0
CUST_1572,James Johnson,54,male,2022-02-08,72048.88,mktg,3.0
CUST_1573,David Brown,21,MALE,"February 09, 2022","$29,257",Human Resources,2.0
CUST_1574,Sarah Rodriguez,,male,2022-02-10,"$48,256.12",Operations,4.0
CUST_1575,James Miller,42,M,12/02/2022,"$90,884.91",Operations,
CUST_1576,Jessica Garcia,30,Other,2022-02-13,,Ops,2.0
CUST_1577,Jessica Smith,35,Male,2022-02-14,"$43,752",Marketing,4.0
CUST_1578,Emily Davis,41,F,16/02/2022,"$44,783.50",Ops,5.0
CUST_1579,Sarah Rodriguez,19,Female,2022-02-17,"83,021 USD",Engineering,3.0
CUST_1580,Laura Garcia,65,Female,"February 18, 2022","$52,054.87",Engineering,3.0
CUST_1581,Daniel Brown,50,,2022-02-20,"$77,772.58",mktg,3.0
CUST_1582,,36,male,"February 21, 2022","$49,329.14",Sales,4.0
CUST_1583,Jessica Jones,26,M,2022-02-22,"$36,750.88",Human Resources,
CUST_1584,Laura Miller,45,M,2022-02-24,"71,111 USD",Engineering,3.0
CUST_1585,Jessica Smith,52,male,25/02/2022,"62,565 USD",Marketing,5.0
CUST_1586,   Emily Jones   ,74,F,"February 26, 2022","$9,999,999.00",Human Resources,
CUST_1587,Michael Rodriguez,56,female,2022-02-28,"87,103 USD",Human Resources,5.0
CUST_1588,John Miller,27,Male,2022-03-01,56050.83,Operations,5.0
CUST_1589,Jessica Wilson,18,Male,2022-03-02,"73,723 USD",Sales,3.0
CUST_1590,David Jones,59,M,2022-03-04,,Engineering,4.0
CUST_1591,Emma Jones,38,Male,"March 05, 2022","80,841 USD",Operations,3.0
CUST_1592,Jessica Garcia,26,Female,"March 06, 2022","70,835 USD",HR,4.0
CUST_1593,Sarah Miller,64,Male,2022-03-08,"$49,404",sales,4.0
CUST_1594,John Brown,,Female,2022-03-09,"$47,310.55",HR,3.0
,Emma Williams,52,Male,"March 10, 2022","71,717 USD",HR,4.0
 cust_1596  ,James Williams,74,male,2022-03-12,"$94,055",sales,4.0
CUST_1597,Jessica Smith,22,Female,13/03/2022,,HR,3.0
 cust_1598  ,Jessica Brown,58,Female,2022-03-14,"$41,424.76",Engineering,2.0
CUST_1599,laura rodriguez,39,Other,16/03/2022,44053.92,Human Resources,2.0
CUST_1600,Emily Wilson,58,female,2022-03-17,"47,738 USD",Operations,3.0
CUST_1601,Emma Miller,40,male,"March 19, 2022","$50,085.93",ENGINEERING,5.0
CUST_1602,John Brown,24,Male,2022-03-20,20000.00,mktg,
CUST_1603,Daniel Smith,73,female,2022-03-21,"$84,751.08",Operations,3.0
CUST_1604,LAURA WILSON,40,F,"March 23, 2022","$53,602.93",Marketing,3.0
CUST_1605,Jessica Jones,61,female,2022-03-24,76551.86,Sales,3.0
CUST_1606,Emma Rodriguez,42,Male,2022-03-25,57106.05,Engineering,2.0
CUST_1607,Sarah Jones,44,Unknown,2022-03-27,64425.85,Operations,3.0
CUST_1608,Jessica Davis,58,male,2022-03-28,47870.35,Engineering,3.0
 cust_1609  ,David Rodriguez,23,Female,2022.03.29,"$64,293.56",Ops,3.0
CUST_1610,John Davis,72,,"March 31, 2022","$43,218.85",sales,5.0
CUST_1611,Emma Davis,51,Male,2022-04-01,"$64,479.01",ENGINEERING,3.0
CUST_1612,Emily Rodriguez,26,F,02/04/2022,"$101,430.58",Marketing,3.0
CUST_1613,David Brown,66,male,2022-04-04,78015.12,Human Resources,2.0
CUST_1614,Daniel Brown,50,Other,2022.04.05,"72,276 USD",Human Resources,5.0
CUST_1615,Michael Rodriguez,68,male,2022-04-06,"$32,006.48",Operations,4.0
CUST_1616,Laura Smith,23,FEMALE,08/04/2022,"$79,181.41",HR,4.0
CUST_1617,Daniel Rodriguez,54,Male,2022-04-09,"81,611 USD",sales,
CUST_1618,LAURA GARCIA,48,Female,2022-04-10,"$71,706.64",HR,3.0
CUST_1619,Jessica Brown,51,Female,2022-04-12,,HR,3.0
CUST_1620,Laura Williams,58,MALE,2022-04-13,"61,495 USD",Marketing,2.0
CUST_1621,James Johnson,46,Male,"April 14, 2022","$81,235.06",Engineering,4.0
CUST_1622,Sarah Davis,31,Female,2022-04-16,"$99,925.26",Operations,5.0
CUST_1623,Emma Brown,53,Male,,73263.20,Human Resources,2.0
CUST_1624,Emma Garcia,53,Female,2022-04-18,"$40,707.07",Sales,2.0
CUST_1625,James Davis,70,male,20/04/2022,"$42,619.57",HR,4.0
CUST_1626,David Garcia,32,FEMALE,2022.04.21,"$83,156.00",Ops,
CUST_1627,Emily Johnson,25,Male,22/04/2022,"40,910 USD",Marketing,3.0
CUST_1628,Jessica Rodriguez,43,Male,"April 24, 2022",70026.37,mktg,4.0
CUST_1629,John Wilson,53,Male,"April 25, 2022","$56,361.43",Operations,3.0
CUST_1630,Daniel Wilson,65,M,2022-04-27,"38,194 USD",Ops,4.0
CUST_1631,James Wilson,38,Male,28/04/2022,85806.74,HR,3.0
CUST_1632,James Wilson,45,Female,2022-04-29,82669.26,Engineering,4.0
CUST_1633,Michael Jones,21,female,2022-05-01,"$31,108.77",Marketing,4.0
CUST_1634,Laura Garcia,33,Female,2022-05-02,77036.09,ENGINEERING,4.0
CUST_1635,Emily Smith,39,Female,03/05/2022,,,1.0
CUST_1636,John Brown,29,Male,2022-05-05,"$85,936.43",,3.0
CUST_1637,   Jessica Garcia   ,33,Female,2022-05-06,"$69,169.55",Ops,2.0
CUST_1638,Jessica Rodriguez,68,Male,2022-05-07,"$100,670.90",Human Resources,
CUST_1639,   James Johnson   ,57,female,,"$61,833.48",Sales,4.0
CUST_1640,,55,male,2022-05-10,"$58,197.64",ENGINEERING,3.0
CUST_1641,Sarah Jones,59,M,2022-05-11,"40,630 USD",mktg,4.0
CUST_1642,Emily Brown,54,male,2022-05-13,"$41,651",Operations,3.0
CUST_1643,James Garcia,46,female,,"$39,387.88",HR,3.0
,JESSICA SMITH,35,Male,,70459.99,sales,4.0
CUST_1645,   Sarah Miller   ,27,Female,17/05/2022,58272.52,Engineering,3.0
CUST_1646,Sarah Wilson,59,Male,"May 18, 2022",73267.33,Ops,4.0
CUST_1647,David Jones,56,Female,2022-05-19,34768.78,Marketing,3.0
CUST_1648,Jessica Miller,35,F,,"$43,607.69",Human Resources,5.0
CUST_1649,Jessica Johnson,18,M,2022-05-22,43186.42,Engineering,3.0
CUST_1650,Emma Williams,56,Female,2022-05-23,119231.77,Human Resources,4.0
CUST_1651,Jessica Garcia,38,F,2022-05-25,"60,858 USD",Marketing,2.0
 cust_1652  ,John Smith,18,,26/05/2022,"63,341 USD",Ops,3.0
CUST_1653,Sarah Miller,32,Female,"May 27, 2022","$63,063.67",mktg,5.0
CUST_1654,James Brown,-2,Female,2022-05-29,"$103,820.73",mktg,4.0
CUST_1655,Michael Garcia,37,Female,,"$24,667",ENGINEERING,1.0
CUST_1656,Emma Rodriguez,27,Male,2022-05-31,63502.51,HR,3.0
,David Rodriguez,40,female,2022-06-02,"$24,432",Operations,3.0
CUST_1658,Sarah Williams,58,M,2022-06-03,"$20,000.00",sales,2.0
CUST_1659,Daniel Davis,,Male,04/06/2022,46644.00,Operations,4.0
CUST_1660,Jessica Miller,63,female,"June 06, 2022",75304.10,ENGINEERING,2.0
CUST_1661,Sarah Wilson,65,male,2022-06-07,"$45,055",mktg,3.0
CUST_1662,Jessica Brown,50,Male,09/06/2022,"$74,894.13",Human Resources,3.0
CUST_1663,Michael Johnson,51,Female,2022-06-10,"$67,661.91",ENGINEERING,3.0
CUST_1664,John Jones,56,F,11/06/2022,61523.36,HR,4.0
CUST_1665,Sarah Johnson,27,F,,"$96,624",Ops,5.0
CUST_1666,daniel garcia,71,FEMALE,2022-06-14,"$50,099",HR,2.0
CUST_1667,Emma Garcia,37,female,"June 15, 2022",,Sales,4.0
CUST_1668,Emily Smith,18,Male,17/06/2022,,HR,3.0
CUST_1669,Daniel Smith,30,male,2022-06-18,"$67,469.49",Ops,3.0
CUST_1670,Emily Garcia,18,female,,"$58,569.60",Engineering,1.0
CUST_1671,Sarah Miller,22,male,2022-06-21,"$35,443.84",Marketing,99.0
CUST_1672,Jessica Rodriguez,33,Female,2022-06-22,"$74,962.47",Ops,3.0
CUST_1673,David Wilson,32,Female,2022-06-23,"46,526 USD",HR,3.0
CUST_1674,Emily Jones,66,male,2022-06-25,"$108,305",mktg,4.0
CUST_1675,   Emma Jones   ,,F,"June 26, 2022","$20,000.00",ENGINEERING,4.0
 cust_1676  ,,48,Female,27/06/2022,71206.46,,5.0
 cust_1677  ,Laura Johnson,,MALE,2022.06.29,"$66,067",ENGINEERING,3.0
CUST_1678,Daniel Garcia,65,Unknown,2022-06-30,57978.41,mktg,3.0
CUST_1679,Jessica Jones,62,Female,2022-07-01,"$51,769.11",Human Resources,3.0
CUST_1680,James Williams,60,Male,2022-07-03,66715.70,Marketing,3.0
CUST_1681,Emma Brown,34,Female,2022-07-04,"$91,554.78",Ops,3.0
CUST_1682,   James Miller   ,66,female,,23195.36,HR,3.0
CUST_1683,Laura Davis,-6,female,07/07/2022,44850.33,Human Resources,3.0
CUST_1684,Sarah Williams,30,female,2022-07-08,"$38,742.07",HR,3.0
CUST_1685,John Rodriguez,31,Female,"July 09, 2022",,,2.0
CUST_1686,Daniel Smith,28,male,"July 11, 2022",73568.73,HR,1.0
CUST_1687,michael brown,45,female,2022-07-12,79733.43,mktg,2.0
CUST_1688,Emily Jones,59,F,"July 13, 2022",,Engineering,2.0
CUST_1689,Michael Williams,49,Male,2022-07-15,"$80,127.45",HR,4.0
CUST_1690,John Davis,52,Male,2022-07-16,"$82,153.55",Human Resources,2.0
CUST_1691,Emma Smith,48,Other,2022-07-18,"29,705 USD",Ops,4.0
 cust_1692  ,Sarah Brown,34,female,2022-07-19,"$102,089.08",Marketing,3.0
CUST_1693,Emily Jones,64,F,2022-07-20,"59,756 USD",ENGINEERING,1.0
CUST_1694,Sarah Brown,26,F,2022-07-22,"$90,824.90",Sales,4.0
CUST_1695,JOHN JOHNSON,27,Female,2022-07-23,"$30,595.82",Ops,3.0
CUST_1696,   John Wilson   ,25,Female,"July 24, 2022",58964.50,Engineering,3.0
CUST_1697,Emma Brown,38,Female,,"$88,575.40",sales,4.0
CUST_1698,EMILY DAVIS,30,Male,"July 27, 2022","65,698 USD",HR,1.0
CUST_1699,Emma Rodriguez,-5,female,2022-07-28,46150.75,HR,2.0
CUST_1700,James Jones,22,Female,2022-07-30,"$97,745",Marketing,4.0
CUST_1701,Emma Smith,23,Female,2022-07-31,"35,715 USD",Marketing,4.0
CUST_1702,John Miller,47,Female,2022-08-01,"$64,489.33",ENGINEERING,3.0
CUST_1703,Sarah Garcia,48,Female,03/08/2022,"81,004 USD",Sales,1.0
CUST_1704,James Brown,,Male,04/08/2022,117392.26,Sales,4.0
CUST_1705,David Garcia,28,male,05/08/2022,"53,541 USD",mktg,3.0
CUST_1706,Michael Jones,37,Male,07/08/2022,"58,089 USD",ENGINEERING,2.0
CUST_1707,Michael Wilson,65,Male,2022-08-08,53882.72,ENGINEERING,3.0
CUST_1708,Michael Williams,26,Other,2022-08-09,70961.75,Engineering,5.0
CUST_1709,Daniel Davis,19,Male,11/08/2022,79698.21,Operations,1.0
CUST_1710,Daniel Wilson,-3,male,2022-08-12,"$92,332.83",Engineering,4.0
CUST_1711,Laura Jones,18,Female,2022-08-13,"$83,901.19",HR,3.0
CUST_1712,David Brown,21,Female,2022-08-15,52565.65,sales,3.0
CUST_1713,Daniel Wilson,53,Male,2022-08-16,"$85,334.28",ENGINEERING,4.0
CUST_1714,EMILY JOHNSON,71,female,2022-08-17,"$67,288.64",Sales,5.0
CUST_1715,Emily Garcia,42,female,"August 19, 2022","$83,631.31",Marketing,2.0
CUST_1716,   James Williams   ,20,Male,"August 20, 2022",85059.19,sales,2.0
CUST_1717,Daniel Rodriguez,26,male,2022-08-21,"$105,753.14",Sales,5.0
CUST_1718,Emily Wilson,39,FEMALE,2022-08-23,"56,135 USD",Sales,3.0
CUST_1719,Michael Jones,40,female,24/08/2022,"$51,361.18",sales,3.0
CUST_1720,John Williams,29,Female,2022-08-26,76179.09,Marketing,3.0
CUST_1721,Laura Garcia,27,Male,2022-08-27,94562.92,,4.0
CUST_1722,Emily Johnson,51,M,2022-08-28,"66,452 USD",mktg,4.0
CUST_1723,Laura Garcia,60,,2022-08-30,"$96,192.81",ENGINEERING,5.0
CUST_1724,Emma Brown,27,Male,"August 31, 2022",,Engineering,3.0
CUST_1725,,47,M,"September 01, 2022","$59,970",HR,3.0
CUST_1726,James Smith,163,Female,2022-09-03,"79,083 USD",Engineering,3.0
 cust_1727  ,DANIEL JONES,23,male,2022-09-04,"$54,129",Sales,3.0
CUST_1728,Laura Brown,67,female,2022-09-05,70965.00,ENGINEERING,
CUST_1729,Daniel Jones,19,female,2022-09-07,38171.02,Marketing,
CUST_1730,David Rodriguez,47,male,,"63,296 USD",Marketing,2.0
CUST_1731,James Rodriguez,19,female,09/09/2022,"89,992 USD",Marketing,3.0
CUST_1732,Jessica Miller,49,Male,2022-09-11,"$84,179",HR,4.0
CUST_1733,David Rodriguez,59,female,"September 12, 2022","80,521 USD",HR,4.0
CUST_1734,EMMA GARCIA,33,Male,"September 13, 2022",,ENGINEERING,3.0
CUST_1735,Daniel Davis,29,Male,"September 15, 2022","$68,996.15",Operations,2.0
CUST_1736,JESSICA JONES,18,Female,2022-09-16,"33,324 USD",Sales,3.0
CUST_1737,Emily Williams,70,MALE,2022-09-17,"59,848 USD",Marketing,4.0
CUST_1738,Michael Miller,25,F,19/09/2022,"69,565 USD",Marketing,3.0
CUST_1739,Emily Miller,65,male,2022-09-20,"$36,889.91",Marketing,4.0
,Michael Brown,67,male,,"21,206 USD",HR,3.0
CUST_1741,James Jones,30,Female,23/09/2022,"$93,221",Operations,3.0
CUST_1742,Daniel Wilson,32,MALE,,"$66,270.96",Engineering,4.0
CUST_1743,Sarah Jones,70,male,2022-09-25,70249.48,Operations,2.0
CUST_1744,james williams,-5,Female,"September 27, 2022","$78,890.67",HR,3.0
CUST_1745,James Miller,25,female,2022-09-28,,Engineering,2.0
CUST_1746,   Emily Davis   ,27,female,,54912.61,sales,1.0
CUST_1747,Laura Miller,63,Other,2022-10-01,"$102,601.69",,3.0
CUST_1748,David Miller,22,male,2022-10-02,"$52,783.62",sales,3.0
CUST_1749,david garcia,67,Female,"October 03, 2022","58,354 USD",ENGINEERING,4.0
CUST_1750,John Davis,36,male,2022-10-05,"$9,999,999.00",Marketing,4.0
CUST_1751,Emma Wilson,64,Female,2022-10-06,46478.64,sales,4.0
CUST_1752,Sarah Rodriguez,55,,,"$92,637",HR,3.0
CUST_1753,John Wilson,28,Unknown,2022-10-09,"$20,000",Sales,
CUST_1754,Jessica Rodriguez,70,Female,10/10/2022,"$53,574.65",Engineering,3.0
CUST_1755,John Brown,60,FEMALE,2022-10-12,,Human Resources,3.0
CUST_1756,EMILY RODRIGUEZ,37,female,"October 13, 2022","-$4,500.00",Ops,3.0
CUST_1757,   David Jones   ,37,F,14/10/2022,"$36,619.37",Sales,5.0
CUST_1758,Jessica Smith,38,female,2022-10-16,"$32,358.22",sales,2.0
CUST_1759,John Rodriguez,35,MALE,2022-10-17,"$43,497.49",Engineering,5.0
CUST_1760,Michael Brown,74,male,18/10/2022,"82,543 USD",sales,1.0
CUST_1761,John Rodriguez,67,male,2022-10-20,"$68,132.14",sales,3.0
CUST_1762,Laura Johnson,27,Male,2022-10-21,"$28,934.11",mktg,3.0
CUST_1763,Laura Davis,51,Female,22/10/2022,"67,489 USD",Human Resources,
CUST_1764,jessica smith,43,Female,2022-10-24,103785.94,,2.0
 cust_1765  ,Daniel Wilson,47,Female,2022-10-25,"71,612 USD",mktg,4.0
CUST_1766,Daniel Rodriguez,26,Other,26/10/2022,"69,114 USD",Operations,4.0
CUST_1767,John Johnson,63,F,2022-10-28,"$70,618.55",HR,3.0
CUST_1768,James Rodriguez,68,Male,2022-10-29,"$75,363",HR,3.0
CUST_1769,Jessica Miller,48,male,2022-10-30,"$33,322.46",mktg,5.0
,Emily Brown,59,M,01/11/2022,59201.90,Marketing,4.0
CUST_1771,David Williams,72,male,02/11/2022,60506.10,Operations,3.0
CUST_1772,John Smith,21,female,03/11/2022,"$52,913.27",sales,4.0
CUST_1773,Daniel Smith,23,Female,2022-11-05,,Human Resources,3.0
CUST_1774,John Williams,344,Female,2022-11-06,49150.16,mktg,3.0
CUST_1775,Emma Brown,,,2022-11-07,"$56,000.79",Human Resources,3.0
CUST_1776,Emily Johnson,43,female,2022-11-09,"$33,496",ENGINEERING,3.0
CUST_1777,John Williams,64,Male,2022.11.10,74457.76,Operations,99.0
CUST_1778,Emily Williams,65,Female,2022-11-11,"88,548 USD",Human Resources,3.0
CUST_1779,Laura Wilson,56,M,2022-11-13,55974.49,sales,
CUST_1780,,34,male,2022-11-14,"85,185 USD",ENGINEERING,5.0
CUST_1781,daniel brown,36,Male,16/11/2022,"$61,326.08",Marketing,5.0
CUST_1782,Laura Williams,68,Female,17/11/2022,"$20,000.00",sales,3.0
CUST_1783,Jessica Rodriguez,66,male,18/11/2022,63712.12,Ops,
CUST_1784,   John Smith   ,23,male,"November 20, 2022","$60,610.72",HR,2.0
CUST_1785,LAURA WILLIAMS,46,Female,2022-11-21,"67,575 USD",Sales,4.0
CUST_1786,David Smith,28,female,2022-11-22,"$71,329.64",Engineering,1.0
CUST_1787,David Miller,33,Male,2022-11-24,"$47,901.96",Sales,3.0
CUST_1788,Laura Williams,47,Male,25/11/2022,"$101,782.87",Marketing,3.0
CUST_1789,Michael Wilson,42,female,26/11/2022,"63,346 USD",HR,3.0
CUST_1790,James Brown,57,Male,2022-11-28,"60,008 USD",Human Resources,1.0
CUST_1791,Emily Davis,28,FEMALE,29/11/2022,"$83,613.24",Operations,4.0
CUST_1792,Sarah Garcia,24,Female,30/11/2022,65463.50,sales,3.0
CUST_1793,Jessica Williams,43,male,"December 02, 2022","$129,146.04",HR,1.0
CUST_1794,James Jones,73,Male,03/12/2022,59752.31,HR,1.0
CUST_1795,Laura Davis,39,Male,"December 04, 2022","$73,795.39",mktg,3.0
CUST_1796,Laura Davis,42,Male,2022-12-06,46271.18,Engineering,2.0
CUST_1797,Michael Johnson,36,Male,07/12/2022,86763.39,sales,4.0
CUST_1798,Daniel Williams,48,Female,2022.12.08,"$72,718",HR,3.0
CUST_1799,Michael Johnson,43,Male,2022-12-10,"$56,525.80",mktg,4.0
CUST_1800,Emily Garcia,59,Female,"December 11, 2022","43,189 USD",ENGINEERING,2.0
CUST_1801,John Smith,58,Female,12/12/2022,32264.44,Marketing,3.0
CUST_1802,David Jones,53,male,2022-12-14,"$75,468",Marketing,4.0
CUST_1803,John Miller,40,Male,15/12/2022,"$30,328.01",Operations,3.0
CUST_1804,John Jones,64,Male,2022-12-16,"$97,711.85",Operations,3.0
CUST_1805,James Jones,30,Male,,"$33,429",HR,5.0
CUST_1806,Jessica Garcia,42,female,"December 19, 2022","$9,999,999.00",HR,2.0
CUST_1807,John Johnson,19,male,2022-12-20,"$42,961.47",,3.0
CUST_1808,James Williams,19,female,2022-12-22,"$65,817.16",,4.0
CUST_1809,Jessica Jones,33,M,23/12/2022,"65,663 USD",HR,1.0
CUST_1810,Sarah Davis,26,MALE,2022-12-25,"$76,120.07",Marketing,1.0
CUST_1811,Emily Smith,45,Female,2022-12-26,"$26,843",Human Resources,3.0
CUST_1812,Emily Miller,30,Female,2022-12-27,45907.43,HR,
CUST_1813,Daniel Davis,52,male,2022-12-29,"$89,263.69",mktg,3.0
CUST_1814,Daniel Williams,58,Male,2022-12-30,81463.79,Marketing,2.0
CUST_1815,Jessica Garcia,30,Female,"December 31, 2022","$20,000.00",HR,3.0
CUST_1816,Emily Garcia,48,male,2023.01.02,74430.74,Sales,3.0
CUST_1817,sarah wilson,38,M,"January 03, 2023","39,188 USD",Sales,3.0
CUST_1818,James Rodriguez,49,Female,"January 04, 2023",50204.43,Sales,3.0
CUST_1819,Laura Wilson,71,Female,2023-01-06,"$59,316.81",Engineering,3.0
 cust_1820  ,Emma Smith,51,Female,2023-01-07,"103,935 USD",Ops,5.0
CUST_1821,   Sarah Miller   ,25,Female,2023-01-08,"38,933 USD",mktg,3.0
CUST_1822,Emma Jones,,female,"January 10, 2023","29,903 USD",mktg,4.0
CUST_1823,James Jones,65,Female,2023.01.11,"76,258 USD",Marketing,3.0
CUST_1824,SARAH WILSON,19,Female,12/01/2023,"$64,299.56",Human Resources,3.0
CUST_1825,Emily Rodriguez,55,Female,"January 14, 2023","$95,175",Marketing,3.0
CUST_1826,John Smith,49,female,15/01/2023,"$56,179.15",sales,4.0
CUST_1827,Daniel Williams,71,M,2023-01-16,"$95,270.43",ENGINEERING,3.0
CUST_1828,Emma Johnson,57,M,2023-01-18,"65,407 USD",Sales,4.0
CUST_1829,James Williams,45,female,2023-01-19,"$78,228",Human Resources,5.0
CUST_1830,Sarah Garcia,54,Female,2023-01-20,"105,599 USD",ENGINEERING,1.0
CUST_1831,Emma Miller,58,Male,22/01/2023,"$60,818.80",ENGINEERING,1.0
CUST_1832,jessica wilson,18,F,2023-01-23,"$91,116.66",ENGINEERING,2.0
CUST_1833,Daniel Davis,58,Male,24/01/2023,49660.04,Engineering,3.0
CUST_1834,Jessica Brown,27,female,26/01/2023,"$70,688",HR,2.0
CUST_1835,James Miller,72,female,2023-01-27,"$28,883.52",ENGINEERING,4.0
CUST_1836,Emily Williams,21,FEMALE,2023-01-28,"52,392 USD",HR,1.0
CUST_1837,Emily Williams,52,Male,2023-01-30,"$38,549.12",Operations,3.0
 cust_1838  ,Sarah Jones,27,Female,2023-01-31,"95,519 USD",Sales,2.0
CUST_1839,Sarah Miller,,M,"February 01, 2023","$108,470",ENGINEERING,5.0
CUST_1840,Michael Miller,28,male,2023-02-03,56132.45,mktg,3.0
CUST_1841,EMMA RODRIGUEZ,31,Male,04/02/2023,"$45,674.05",HR,5.0
CUST_1842,John Miller,55,Female,"February 06, 2023","32,151 USD",mktg,5.0
CUST_1843,James Brown,29,MALE,"February 07, 2023",71613.53,mktg,3.0
CUST_1844,Sarah Brown,62,Male,"February 08, 2023","49,943 USD",Ops,3.0
CUST_1845,John Williams,34,Female,2023-02-10,51282.09,ENGINEERING,2.0
CUST_1846,Emma Rodriguez,33,female,2023-02-11,"$105,739.72",Operations,2.0
CUST_1847,Emma Jones,52,female,2023-02-12,"57,590 USD",Human Resources,4.0
CUST_1848,Jessica Williams,19,F,2023-02-14,"$79,666.24",mktg,1.0
 cust_1849  ,David Garcia,28,M,2023.02.15,"$66,324",Sales,1.0
CUST_1850,Jessica Brown,58,FEMALE,16/02/2023,"$31,119.86",sales,3.0
,Sarah Rodriguez,20,female,2023-02-18,"20,000 USD",mktg,3.0
CUST_1852,John Smith,46,male,2023-02-19,"$77,188.05",Sales,3.0
CUST_1853,   EMILY DAVIS   ,35,Male,2023-02-20,"$107,602.76",Marketing,3.0
CUST_1854,JOHN RODRIGUEZ,37,M,22/02/2023,"$72,874.69",Sales,4.0
 cust_1855  ,Emily Williams,64,M,23/02/2023,"80,602 USD",Engineering,3.0
CUST_1856,John Wilson,31,Female,"February 24, 2023",42382.34,Human Resources,2.0
CUST_1857,Emily Rodriguez,51,Female,2023.02.26,"$90,372",Marketing,4.0
CUST_1858,Emma Miller,66,female,2023-02-27,"$90,062.61",Ops,5.0
CUST_1859,Jessica Smith,71,Female,2023-02-28,"47,595 USD",Sales,1.0
CUST_1860,Emma Johnson,,Male,2023-03-02,"78,635 USD",Sales,3.0
CUST_1861,jessica johnson,57,female,2023-03-03,"$20,839.55",HR,3.0
CUST_1862,Michael Brown,59,male,2023.03.04,83097.80,Operations,2.0
CUST_1863,David Rodriguez,35,Other,06/03/2023,50689.56,Human Resources,4.0
CUST_1864,Emily Rodriguez,47,Male,07/03/2023,"$34,321.77",Engineering,3.0
 cust_1865  ,Emma Williams,42,FEMALE,2023-03-08,"$75,066.00",mktg,4.0
CUST_1866,   Laura Smith   ,36,Male,2023-03-10,"20,707 USD",Engineering,3.0
CUST_1867,JAMES RODRIGUEZ,25,Male,2023-03-11,"$73,560.34",Ops,3.0
CUST_1868,Emma Johnson,45,Male,2023-03-12,"36,693 USD",ENGINEERING,2.0
CUST_1869,Emily Garcia,25,Female,14/03/2023,"$31,343",ENGINEERING,2.0
CUST_1870,Daniel Smith,48,female,2023-03-15,66496.32,Engineering,1.0
CUST_1871,David Davis,20,M,17/03/2023,60686.22,Ops,3.0
CUST_1872,Emily Smith,20,F,"March 18, 2023","$101,419.74",mktg,3.0
CUST_1873,James Jones,61,Female,2023-03-19,"$32,880",Marketing,
CUST_1874,Sarah Garcia,39,Female,21/03/2023,"$99,376.36",Operations,3.0
CUST_1875,Sarah Williams,34,female,2023-03-22,36558.88,Operations,4.0
CUST_1876,   Emma Smith   ,53,male,23/03/2023,,Engineering,3.0
CUST_1877,Sarah Davis,34,male,"March 25, 2023",92652.31,Operations,4.0
CUST_1878,emma johnson,31,F,,"73,036 USD",Engineering,5.0
CUST_1879,Jessica Williams,,F,2023-03-27,45226.15,ENGINEERING,3.0
CUST_1880,   Emily Garcia   ,26,Other,2023-03-29,"$26,926.14",Sales,4.0
CUST_1881,Michael Wilson,47,F,2023-03-30,"20,000 USD",Marketing,3.0
CUST_1882,Jessica Smith,38,Male,2023-03-31,"$111,307.27",Operations,4.0
CUST_1883,Daniel Garcia,29,female,02/04/2023,"57,579 USD",sales,3.0
CUST_1884,Laura Williams,54,M,2023.04.03,"$37,383.31",ENGINEERING,
CUST_1885,Emma Smith,49,Unknown,2023-04-04,"$9,999,999.00",Ops,2.0
CUST_1886,James Miller,28,MALE,2023-04-06,"$69,196.56",sales,1.0
CUST_1887,JAMES DAVIS,37,Female,2023-04-07,55128.70,HR,3.0
CUST_1888,John Smith,52,Female,2023-04-08,20000.00,Operations,5.0
CUST_1889,Jessica Jones,70,male,2023-04-10,86613.52,Engineering,4.0
CUST_1890,James Johnson,64,Male,2023-04-11,"$73,374.59",Operations,3.0
,Laura Jones,63,F,12/04/2023,110997.77,,4.0
CUST_1892,Sarah Wilson,28,female,2023-04-14,"$93,519.79",mktg,4.0
 cust_1893  ,Jessica Wilson,69,Male,2023-04-15,20000.00,Human Resources,3.0
CUST_1894,Laura Brown,25,female,"April 16, 2023","$100,424.35",Marketing,1.0
CUST_1895,Sarah Jones,21,Female,2023-04-18,95187.28,mktg,2.0
CUST_1896,Sarah Johnson,44,M,19/04/2023,"$46,590.68",Sales,4.0
CUST_1897,Jessica Wilson,,male,20/04/2023,,,4.0
CUST_1898,James Brown,57,female,22/04/2023,75293.13,Operations,3.0
CUST_1899,Jessica Davis,55,Female,2023-04-23,"$39,644.62",Marketing,3.0
CUST_1900,Jessica Garcia,64,Female,2023-04-25,58931.78,Marketing,4.0
CUST_1901,Emily Smith,47,Female,"April 26, 2023","$90,001",HR,5.0
CUST_1902,Daniel Williams,61,Male,"April 27, 2023","$77,943.20",sales,4.0
CUST_1903,Jessica Johnson,65,MALE,2023-04-29,"48,330 USD",Human Resources,3.0
CUST_1904,James Smith,65,Male,2023-04-30,90569.01,Operations,3.0
CUST_1905,Jessica Miller,44,Male,2023-05-01,"$72,572.38",Human Resources,3.0
CUST_1906,David Jones,38,Female,2023-05-03,"71,718 USD",Marketing,3.0
CUST_1907,JOHN WILSON,69,F,04/05/2023,"$52,126.69",mktg,4.0
CUST_1908,David Johnson,37,M,2023-05-05,"$64,836.54",ENGINEERING,3.0
CUST_1909,DANIEL WILLIAMS,21,,2023-05-07,"45,648 USD",Human Resources,4.0
CUST_1910,Emily Williams,28,Female,"May 08, 2023",20000.00,Sales,3.0
CUST_1911,Michael Brown,30,female,2023-05-09,"$58,005",ENGINEERING,4.0
CUST_1912,David Smith,-8,female,"May 11, 2023",61946.19,Engineering,3.0
CUST_1913,Emily Garcia,-8,female,12/05/2023,"68,432 USD",ENGINEERING,3.0
CUST_1914,   Emma Davis   ,29,Female,2023-05-13,"95,304 USD",Sales,3.0
CUST_1915,   James Jones   ,26,female,15/05/2023,"$48,692.88",sales,
CUST_1916,Emma Brown,30,Male,16/05/2023,"55,806 USD",Operations,5.0
CUST_1917,Laura Rodriguez,65,male,2023-05-17,84154.44,Human Resources,3.0
CUST_1918,Daniel Davis,43,male,2023-05-19,"$46,186.95",mktg,3.0
CUST_1919,David Brown,55,Female,2023-05-20,68843.74,sales,4.0
CUST_1920,Emma Smith,59,F,2023.05.21,"$54,792.95",Sales,4.0
CUST_1921,Emma Wilson,30,female,23/05/2023,"58,909 USD",sales,3.0
CUST_1922,Daniel Smith,56,Male,2023-05-24,83953.62,Human Resources,5.0
CUST_1923,John Jones,45,Male,25/05/2023,,sales,1.0
CUST_1924,James Miller,36,male,2023-05-27,"$84,768.60",Engineering,2.0
CUST_1925,Michael Williams,41,male,28/05/2023,20000.00,HR,
CUST_1926,Daniel Miller,36,Female,29/05/2023,"$29,259.63",Human Resources,3.0
CUST_1927,James Miller,66,F,2023-05-31,20000.00,Operations,3.0
CUST_1928,David Wilson,30,Other,"June 01, 2023","35,856 USD",ENGINEERING,3.0
CUST_1929,Daniel Smith,30,Female,02/06/2023,"111,421 USD",Human Resources,3.0
CUST_1930,Daniel Williams,45,female,04/06/2023,"64,562 USD",Sales,4.0
CUST_1931,James Miller,70,Female,2023-06-05,"$46,967",sales,3.0
CUST_1932,James Jones,19,Male,"June 07, 2023","$84,570.17",Human Resources,5.0
CUST_1933,Daniel Brown,27,Female,2023.06.08,"$88,100.28",sales,4.0
CUST_1934,Daniel Smith,,Female,2023-06-09,"34,479 USD",,3.0
CUST_1935,Daniel Garcia,30,,2023-06-11,127455.00,Ops,3.0
CUST_1936,David Johnson,26,Male,2023-06-12,"$71,908.27",Operations,3.0
CUST_1937,David Miller,50,male,"June 13, 2023",75058.80,Marketing,4.0
CUST_1938,Sarah Miller,31,male,15/06/2023,77430.83,Ops,
CUST_1939,Jessica Smith,65,FEMALE,2023-06-16,"$77,378.45",Human Resources,3.0
CUST_1940,John Wilson,37,M,"June 17, 2023","49,463 USD",Sales,5.0
CUST_1941,Michael Wilson,328,female,2023-06-19,117812.98,HR,3.0
CUST_1942,,49,female,"June 20, 2023","$57,870.29",Operations,2.0
CUST_1943,Emily Johnson,50,male,2023-06-21,"$88,937.94",Marketing,2.0
CUST_1944,James Wilson,34,Female,2023-06-23,"$53,127",mktg,4.0
CUST_1945,Daniel Davis,41,F,2023-06-24,,HR,4.0
CUST_1946,   Jessica Williams   ,47,MALE,2023-06-25,"112,547 USD",ENGINEERING,3.0
CUST_1947,Jessica Garcia,30,FEMALE,27/06/2023,"$62,290.72",sales,3.0
CUST_1948,Laura Rodriguez,,Male,28/06/2023,"$64,147",Ops,4.0
CUST_1949,John Smith,65,Male,2023-06-29,"72,090 USD",,4.0
CUST_1950,Michael Williams,33,F,2023-07-01,"130,044 USD",sales,4.0
CUST_1951,Emma Garcia,19,female,2023-07-02,"119,219 USD",Marketing,3.0
CUST_1952,Emma Smith,34,Unknown,03/07/2023,"$97,094.57",mktg,5.0
CUST_1953,Sarah Johnson,49,Female,05/07/2023,136340.56,Marketing,3.0
CUST_1954,Michael Miller,60,FEMALE,2023-07-06,"$41,385.58",mktg,2.0
CUST_1955,John Johnson,,female,07/07/2023,"$81,397.10",mktg,4.0
CUST_1956,John Jones,69,female,2023-07-09,"66,896 USD",Engineering,3.0
CUST_1957,Daniel Garcia,20,Female,2023.07.10,"$20,773",Engineering,4.0
CUST_1958,Emma Smith,29,male,2023.07.11,"76,577 USD",Operations,2.0
CUST_1959,Daniel Jones,37,FEMALE,13/07/2023,52729.34,Engineering,4.0
CUST_1960,Emma Smith,33,M,2023.07.14,"$103,337.52",Engineering,3.0
CUST_1961,Michael Davis,31,Female,"July 16, 2023","$55,124.45",sales,3.0
CUST_1962,Emma Smith,,M,"July 17, 2023","$53,702.70",Human Resources,1.0
CUST_1963,Daniel Jones,70,Female,18/07/2023,103326.72,Ops,3.0
CUST_1964,John Smith,,MALE,2023-07-20,63363.65,Ops,4.0
CUST_1965,John Rodriguez,60,Male,2023-07-21,"$94,071.94",ENGINEERING,3.0
CUST_1966,Michael Jones,66,F,2023-07-22,,Sales,2.0
CUST_1967,Emma Rodriguez,68,M,24/07/2023,"$75,944.29",mktg,3.0
CUST_1968,Jessica Rodriguez,71,Female,2023-07-25,"58,899 USD",Marketing,4.0
CUST_1969,Laura Garcia,50,Male,2023-07-26,77555.25,,
CUST_1970,John Rodriguez,47,Male,2023-07-28,"$61,712.70",mktg,3.0
CUST_1971,Jessica Rodriguez,29,Male,2023-07-29,"44,905 USD",Sales,3.0
CUST_1972,Michael Williams,32,Female,30/07/2023,"62,394 USD",,5.0
CUST_1973,Jessica Rodriguez,35,Male,2023.08.01,97195.77,ENGINEERING,3.0
 cust_1974  ,Daniel Williams,45,F,02/08/2023,78400.23,Engineering,1.0
CUST_1975,Michael Johnson,40,Male,03/08/2023,"$84,211.02",mktg,4.0
CUST_1976,James Williams,31,Male,05/08/2023,"65,037 USD",ENGINEERING,4.0
CUST_1977,David Rodriguez,47,Male,2023-08-06,"$20,000",Sales,2.0
CUST_1978,Laura Johnson,50,Male,2023-08-07,"$34,464.29",Marketing,5.0
CUST_1979,Michael Johnson,62,female,"August 09, 2023","$57,774.86",Marketing,3.0
CUST_1980,Laura Miller,32,female,2023-08-10,"$36,623",Operations,3.0
CUST_1981,Jessica Rodriguez,24,Female,2023-08-11,"$51,891.06",HR,3.0
CUST_1982,Laura Brown,32,Male,"August 13, 2023","50,986 USD",HR,4.0
CUST_1983,Emily Rodriguez,69,male,2023-08-14,51739.78,Marketing,3.0
CUST_1984,John Johnson,59,MALE,2023-08-15,100929.25,HR,3.0
CUST_1985,Sarah Miller,63,FEMALE,2023-08-17,63675.54,Ops,2.0
CUST_1986,Emily Wilson,55,Male,2023-08-18,"$88,366.75",Human Resources,4.0
CUST_1987,Michael Williams,63,female,2023-08-19,"$69,098.62",Sales,3.0
CUST_1988,Michael Miller,73,M,2023-08-21,"100,394 USD",Human Resources,3.0
CUST_1989,Laura Davis,74,male,22/08/2023,"90,524 USD",HR,
CUST_1990,Emily Brown,71,MALE,"August 24, 2023","50,212 USD",Engineering,3.0
CUST_1991,Emma Johnson,61,Male,2023-08-25,114040.74,Operations,4.0
CUST_1992,John Rodriguez,,female,"August 26, 2023","$53,636.94",HR,3.0
CUST_1993,Sarah Garcia,46,Male,2023-08-28,"$70,000.02",sales,4.0
CUST_1994,James Brown,48,Female,2023-08-29,"74,426 USD",mktg,3.0
CUST_1995,Laura Rodriguez,42,Male,2023-08-30,77209.12,ENGINEERING,4.0
CUST_1996,emma wilson,69,FEMALE,01/09/2023,"$84,904.50",Engineering,1.0
CUST_1997,David Davis,71,Male,2023-09-02,"$46,080.39",mktg,3.0
,Emma Brown,41,F,03/09/2023,"$82,808.38",Ops,5.0
CUST_1999,John Williams,74,female,"September 05, 2023","$79,528.64",Operations,5.0
CUST_2000,David Williams,36,Other,2023-09-06,"65,012 USD",sales,3.0
CUST_2001,,19,MALE,07/09/2023,"$60,256",Ops,3.0
CUST_2002,Jessica Wilson,39,Female,2023.09.09,"$44,797",Ops,1.0
CUST_2003,John Davis,37,male,2023-09-10,"$77,009",Ops,4.0
CUST_2004,Michael Jones,50,Male,2023-09-11,"$48,488",Marketing,3.0
CUST_2005,Emma Brown,25,M,13/09/2023,70947.02,mktg,3.0
CUST_2006,Emma Jones,42,Male,14/09/2023,"$62,466.77",ENGINEERING,2.0
CUST_2007,   David Miller   ,63,Unknown,2023-09-15,"31,646 USD",Human Resources,5.0
CUST_2008,Emma Wilson,26,Male,2023-09-17,"$41,664.04",,3.0
CUST_2009,jessica garcia,51,Female,2023-09-18,"$75,119.40",Human Resources,3.0
CUST_2010,Laura Rodriguez,74,Female,2023-09-19,"$51,892.05",sales,3.0
CUST_2011,Laura Johnson,40,Female,2023-09-21,51039.50,Sales,3.0
CUST_2012,Emma Smith,22,Female,2023.09.22,"$45,901.31",Marketing,3.0
CUST_2013,Emma Johnson,72,Male,"September 23, 2023","$46,749.71",sales,5.0
CUST_2014,SARAH WILLIAMS,42,Female,2023-09-25,106066.66,HR,4.0
CUST_2015,Emma Davis,25,male,26/09/2023,"$37,002",HR,3.0
CUST_2016,Sarah Smith,33,FEMALE,"September 27, 2023",101822.58,Sales,4.0
CUST_2017,JESSICA RODRIGUEZ,71,female,2023-09-29,"$56,732",ENGINEERING,3.0
CUST_2018,Michael Miller,65,Other,2023-09-30,"$48,656.14",Operations,3.0
CUST_2019,Michael Smith,62,Male,2023-10-01,"$74,595.59",Marketing,5.0
CUST_2020,David Wilson,69,male,"October 03, 2023",66326.02,Ops,3.0
CUST_2021,Emily Davis,32,Male,2023-10-04,60062.50,mktg,3.0
CUST_2022,Jessica Wilson,,Male,,"70,497 USD",,5.0
CUST_2023,DANIEL JONES,39,Male,2023-10-07,"65,930 USD",Marketing,2.0
CUST_2024,Emily Davis,20,Female,2023-10-08,"59,610 USD",Sales,99.0
CUST_2025,Daniel Miller,55,Male,2023-10-10,"$88,392",HR,5.0
CUST_2026,Laura Brown,71,Female,2023-10-11,"$28,825.58",mktg,3.0
CUST_2027,,31,F,"October 12, 2023","$42,133.38",sales,1.0
CUST_2028,Emily Smith,53,Female,,45294.62,ENGINEERING,3.0
CUST_2029,Laura Smith,35,male,2023-10-15,"$38,551.58",ENGINEERING,2.0
CUST_2030,David Miller,64,male,,"$67,148.17",Operations,3.0
CUST_2031,Jessica Jones,58,MALE,"October 18, 2023","$77,635.49",Operations,
CUST_2032,Michael Jones,35,Male,2023-10-19,"$20,000.00",Marketing,3.0
CUST_2033,Laura Johnson,20,Female,20/10/2023,"$53,148.67",Engineering,3.0
CUST_2034,,27,male,2023-10-22,"$56,958.41",Sales,3.0
CUST_2035,Laura Garcia,66,female,23/10/2023,"57,854 USD",mktg,3.0
CUST_2036,Laura Davis,56,,2023-10-24,32872.80,HR,4.0
CUST_2037,Laura Miller,64,Female,26/10/2023,"57,167 USD",Sales,3.0
,sarah johnson,18,male,2023-10-27,"42,222 USD",Sales,4.0
CUST_2039,LAURA SMITH,44,Male,"October 28, 2023","$56,640.57",Human Resources,3.0
CUST_2040,Jessica Miller,74,female,"October 30, 2023","$22,009.31",Human Resources,3.0
CUST_2041,Emily Wilson,44,Female,2023-10-31,"$56,811.01",sales,3.0
CUST_2042,Michael Williams,28,Male,2023-11-01,"47,024 USD",Engineering,3.0
CUST_2043,John Williams,66,Male,2023-11-03,"58,438 USD",sales,3.0
CUST_2044,Emily Jones,22,Male,04/11/2023,"$72,519.82",mktg,3.0
CUST_2045,Michael Miller,24,female,2023-11-05,"$63,881.62",HR,5.0
CUST_2046,David Williams,36,Male,07/11/2023,,,3.0
CUST_2047,Jessica Miller,74,Female,2023-11-08,55980.84,Sales,5.0
CUST_2048,Laura Johnson,73,MALE,2023-11-09,"80,472 USD",Operations,1.0
CUST_2049,JOHN BROWN,46,Female,2023-11-11,"$93,124.68",HR,3.0
CUST_2050,Daniel Wilson,32,female,2023-11-12,"$71,843.99",Operations,1.0
CUST_2051,Michael Williams,52,female,"November 14, 2023","64,480 USD",Operations,3.0
CUST_2052,David Jones,64,MALE,,"75,359 USD",mktg,4.0
CUST_2053,Emma Williams,54,Male,2023-11-16,"72,727 USD",Engineering,1.0
CUST_2054,James Brown,72,M,2023-11-18,90031.08,Sales,3.0
CUST_2055,Michael Johnson,29,Female,2023-11-19,84844.99,HR,2.0
CUST_2056,emma rodriguez,47,Female,20/11/2023,"85,146 USD",Ops,3.0
CUST_2057,Emily Williams,37,Female,2023-11-22,"$66,100.65",Engineering,4.0
CUST_2058,Daniel Garcia,54,Male,23/11/2023,"$73,530.67",Human Resources,3.0
CUST_2059,SARAH DAVIS,20,Female,2023.11.24,"$73,063",Ops,4.0
CUST_2060,,26,Male,2023-11-26,"$34,815.51",mktg,3.0
CUST_2061,Michael Jones,58,female,"November 27, 2023",91722.90,Engineering,5.0
CUST_2062,Sarah Brown,56,male,2023-11-28,"23,268 USD",mktg,4.0
CUST_2063,Jessica Smith,43,Female,2023-11-30,,Engineering,3.0
CUST_2064,Emma Brown,19,Male,2023-12-01,71674.90,Operations,3.0
CUST_2065,Jessica Rodriguez,40,M,2023-12-02,57892.79,Sales,5.0
CUST_2066,sarah davis,40,Female,2023-12-04,"74,780 USD",HR,3.0
CUST_2067,Jessica Johnson,38,Male,2023-12-05,"75,464 USD",Marketing,
CUST_2068,Laura Davis,33,female,2023-12-06,"32,305 USD",ENGINEERING,3.0
CUST_2069,   David Jones   ,,Female,2023-12-08,100403.16,Sales,2.0
CUST_2070,Daniel Rodriguez,30,Female,09/12/2023,"$66,803.45",Operations,4.0
CUST_2071,james rodriguez,45,male,2023.12.10,122868.31,Operations,3.0
CUST_2072,Jessica Wilson,44,Female,2023-12-12,"$84,744",Marketing,3.0
CUST_2073,Jessica Williams,68,Female,2023-12-13,"$66,235",Operations,3.0
CUST_2074,John Davis,69,MALE,2023-12-14,"$47,749.02",Ops,2.0
CUST_2075,Emily Smith,34,Female,"December 16, 2023",62229.01,Operations,4.0
CUST_2076,Laura Miller,55,M,17/12/2023,68745.77,Human Resources,5.0
CUST_2077,Jessica Johnson,53,Male,2023-12-18,,HR,4.0
CUST_2078,John Johnson,18,Male,2023-12-20,"95,666 USD",Sales,3.0
CUST_2079,Emily Johnson,35,Male,2023-12-21,"-$4,500.00",ENGINEERING,3.0
CUST_2080,JOHN DAVIS,68,male,2023-12-23,"$109,229.78",Ops,4.0
CUST_2081,Laura Miller,26,female,2023.12.24,20000.00,Ops,3.0
CUST_2082,Emily Miller,30,female,"December 25, 2023","$76,569.68",ENGINEERING,3.0
CUST_2083,Michael Garcia,57,,2023-12-27,"96,391 USD",Operations,5.0
CUST_2084,Emma Johnson,72,FEMALE,2023-12-28,"78,686 USD",Engineering,3.0
CUST_2085,David Smith,62,Female,2023-12-29,31679.80,Ops,3.0
CUST_2086,Jessica Johnson,32,F,2023-12-31,99736.08,Ops,1.0
CUST_2087,Emily Miller,60,Female,"January 01, 2024","$84,034",Sales,1.0
CUST_2088,Emma Garcia,61,Female,2024-01-02,"$73,575.30",Marketing,1.0
CUST_2089,Laura Miller,63,Male,2024-01-04,"$9,999,999.00",Human Resources,5.0
CUST_2090,Emily Garcia,21,Male,2024-01-05,"$114,843",ENGINEERING,3.0
CUST_2091,Laura Wilson,50,Male,"January 06, 2024","76,113 USD",Operations,3.0
CUST_2092,John Brown,41,Female,08/01/2024,"58,952 USD",mktg,4.0
CUST_2093,Emily Davis,53,male,2024-01-09,"$44,715.54",mktg,
CUST_2094,Daniel Garcia,68,female,2024-01-10,"$83,938.23",Engineering,3.0
CUST_2095,David Davis,58,male,2024-01-12,"$89,655.83",Ops,3.0
CUST_2096,Laura Rodriguez,27,female,,"$66,412.89",Ops,4.0
CUST_2097,Michael Williams,53,Male,2024-01-14,"51,056 USD",Marketing,2.0
CUST_2098,Emily Jones,37,Male,2024-01-16,"$98,251.41",Ops,1.0
CUST_2099,   Emma Smith   ,58,male,2024-01-17,"42,815 USD",mktg,2.0
CUST_2100,Daniel Rodriguez,62,M,"January 18, 2024","$114,236.13",ENGINEERING,3.0
CUST_2101,Laura Jones,61,male,2024-01-20,"$46,636.65",Engineering,3.0
CUST_2102,Emily Davis,-1,female,2024-01-21,,Marketing,3.0
CUST_2103,David Davis,29,Male,22/01/2024,"$36,240.83",Human Resources,2.0
CUST_2104,John Smith,,male,24/01/2024,"$37,256.98",mktg,3.0
CUST_2105,Emma Williams,,female,25/01/2024,"$59,085.10",sales,2.0
CUST_2106,Sarah Johnson,61,Male,"January 26, 2024","$53,295.69",Sales,2.0
CUST_2107,Daniel Wilson,65,FEMALE,2024-01-28,90616.00,Marketing,3.0
CUST_2108,   Sarah Brown   ,54,Unknown,2024-01-29,"$87,051.87",Marketing,5.0
CUST_2109,Sarah Miller,37,Male,,"59,412 USD",mktg,
CUST_2110,Laura Wilson,42,male,2024-02-01,"142,585 USD",Engineering,5.0
CUST_2111,Emily Jones,29,male,02/02/2024,59080.97,Sales,3.0
CUST_2112,Emily Williams,38,female,04/02/2024,"$62,412.09",ENGINEERING,3.0
CUST_2113,david rodriguez,42,Female,2024-02-05,33064.55,,3.0
CUST_2114,Laura Garcia,28,,2024-02-06,"$62,986.49",Ops,3.0
CUST_2115,Laura Garcia,26,female,"February 08, 2024",72435.02,sales,2.0
CUST_2116,Daniel Garcia,67,Male,"February 09, 2024","35,394 USD",HR,3.0
CUST_2117,LAURA GARCIA,42,female,10/02/2024,"$52,532.71",,3.0
CUST_2118,Emma Davis,52,Female,2024-02-12,"73,175 USD",Engineering,3.0
CUST_2119,John Brown,69,Female,2024-02-13,"$51,879",Sales,3.0
 cust_2120  ,Emily Jones,49,F,2024-02-14,"46,646 USD",Engineering,2.0
CUST_2121,Emma Miller,66,Female,2024-02-16,"$84,553.33",HR,3.0
CUST_2122,Emily Johnson,31,Male,2024-02-17,32947.15,ENGINEERING,1.0
CUST_2123,Jessica Garcia,18,M,,"-$4,500.00",Engineering,5.0
,laura davis,34,Female,"February 20, 2024","$69,434.48",ENGINEERING,2.0
CUST_2125,Jessica Johnson,42,Male,21/02/2024,"86,154 USD",ENGINEERING,3.0
CUST_2126,Daniel Jones,25,FEMALE,2024-02-22,"$72,638.10",sales,4.0
CUST_2127,Jessica Wilson,22,Male,2024-02-24,"$59,402.82",ENGINEERING,3.0
CUST_2128,Laura Garcia,22,Female,,"57,365 USD",Operations,2.0
CUST_2129,Michael Davis,58,Female,2024-02-26,"90,261 USD",ENGINEERING,3.0
CUST_2130,John Smith,52,,2024-02-28,"86,475 USD",Sales,2.0
CUST_2131,Daniel Wilson,36,F,2024-02-29,"$66,246",Sales,2.0
CUST_2132,James Davis,40,female,"March 01, 2024","$58,059.53",Sales,1.0
CUST_2133,Emma Jones,26,Female,"March 03, 2024","$65,881.80",Marketing,3.0
CUST_2134,Laura Johnson,71,,2024-03-04,"$46,820",mktg,4.0
CUST_2135,James Miller,47,Male,"March 05, 2024","$61,245.61",mktg,3.0
CUST_2136,James Johnson,67,male,2024-03-07,"52,762 USD",mktg,3.0
CUST_2137,Michael Garcia,33,male,2024-03-08,62478.88,Operations,2.0
CUST_2138,John Wilson,50,Female,"March 09, 2024","$53,657.89",Sales,3.0
CUST_2139,DANIEL DAVIS,19,Other,"March 11, 2024","$78,098.80",Ops,4.0
CUST_2140,John Rodriguez,31,Female,12/03/2024,85460.13,mktg,2.0
CUST_2141,Laura Brown,63,F,14/03/2024,"$55,507",HR,4.0
CUST_2142,Emma Jones,18,Female,"March 15, 2024","44,703 USD",HR,3.0
CUST_2143,Sarah Rodriguez,43,MALE,"March 16, 2024",82790.54,Engineering,4.0
CUST_2144,Jessica Williams,42,female,"March 18, 2024",69618.97,Marketing,3.0
CUST_2145,Daniel Rodriguez,33,MALE,19/03/2024,"$55,831.60",Ops,3.0
CUST_2146,Michael Johnson,32,female,,"$99,388.80",ENGINEERING,4.0
CUST_2147,Daniel Davis,43,male,,50874.14,Sales,4.0
CUST_2148,Emily Rodriguez,64,Male,2024-03-23,"$20,000.00",Operations,2.0
CUST_2149,Laura Smith,61,female,"March 24, 2024","$47,301.02",Marketing,5.0
CUST_2150,John Jones,362,Female,2024-03-26,105459.46,sales,2.0
CUST_2151,Jessica Williams,31,F,2024-03-27,57057.41,,1.0
CUST_2152,James Wilson,46,FEMALE,28/03/2024,"$52,114.02",Human Resources,3.0
CUST_2153,Jessica Brown,41,Male,2024-03-30,65665.08,ENGINEERING,4.0
CUST_2154,Daniel Garcia,64,Female,2024-03-31,90276.58,Sales,5.0
CUST_2155,James Miller,72,male,"April 01, 2024","$62,927.50",Marketing,3.0
CUST_2156,Jessica Garcia,32,Female,2024-04-03,"$79,784",sales,1.0
CUST_2157,,36,female,2024-04-04,"$60,268.34",Human Resources,3.0
CUST_2158,Michael Miller,25,male,2024.04.05,"$79,980",Operations,3.0
CUST_2159,Sarah Miller,51,Female,2024-04-07,"$69,506.57",,3.0
CUST_2160,Jessica Garcia,19,Female,2024-04-08,"$55,050",sales,3.0
CUST_2161,Daniel Garcia,44,Male,2024-04-09,"$71,452.30",mktg,1.0
CUST_2162,James Miller,27,female,2024-04-11,"51,437 USD",HR,3.0
CUST_2163,Michael Wilson,52,Female,12/04/2024,"$30,545.29",Human Resources,99.0
CUST_2164,Michael Smith,40,FEMALE,"April 13, 2024","64,503 USD",Operations,
CUST_2165,DAVID BROWN,66,male,2024-04-15,32765.64,sales,3.0
CUST_2166,James Rodriguez,25,Male,"April 16, 2024","$79,935.74",Operations,2.0
CUST_2167,David Wilson,,Female,2024-04-17,"64,063 USD",ENGINEERING,2.0
CUST_2168,Emily Davis,40,Male,2024-04-19,"$100,582.30",Engineering,3.0
CUST_2169,Jessica Brown,21,,20/04/2024,"$56,744",Human Resources,2.0
CUST_2170,Emma Johnson,31,Male,22/04/2024,"$64,499.32",Marketing,3.0
CUST_2171,John Brown,70,,23/04/2024,28259.35,Marketing,5.0
CUST_2172,Emily Smith,59,Female,2024-04-24,"37,398 USD",sales,3.0
CUST_2173,Jessica Brown,46,male,2024-04-26,"$23,031.93",mktg,3.0
CUST_2174,John Smith,-1,Male,2024-04-27,"$91,937.35",mktg,3.0
CUST_2175,John Garcia,21,Female,2024-04-28,"53,511 USD",ENGINEERING,
CUST_2176,Emma Garcia,49,Female,30/04/2024,"98,177 USD",Marketing,5.0
CUST_2177,   Sarah Davis   ,50,male,2024-05-01,"$20,000",Human Resources,5.0
 cust_2178  ,Laura Garcia,66,F,"May 02, 2024","$103,701.86",HR,3.0
CUST_2179,Emma Davis,43,male,2024-05-04,63299.43,mktg,3.0
CUST_2180,DAVID SMITH,34,M,2024-05-05,"$73,496.18",Marketing,4.0
CUST_2181,JAMES DAVIS,56,,2024-05-06,"$38,426.43",Engineering,2.0
CUST_2182,Sarah Miller,40,Male,2024-05-08,"78,182 USD",Human Resources,4.0
CUST_2183,Sarah Smith,49,FEMALE,"May 09, 2024","$55,652.15",HR,4.0
CUST_2184,Daniel Johnson,69,male,2024-05-10,35151.14,Engineering,2.0
CUST_2185,Sarah Jones,32,Male,2024-05-12,34808.34,Marketing,5.0
CUST_2186,David Davis,30,male,"May 13, 2024","34,366 USD",sales,5.0
CUST_2187,John Garcia,19,Female,14/05/2024,"$74,506",Ops,5.0
CUST_2188,Michael Brown,36,Female,2024-05-16,"49,109 USD",Ops,3.0
CUST_2189,James Brown,41,Female,2024-05-17,23997.66,ENGINEERING,3.0
CUST_2190,,62,Male,18/05/2024,"74,232 USD",ENGINEERING,3.0
CUST_2191,Daniel Brown,41,male,,20000.00,HR,
CUST_2192,John Rodriguez,28,female,"May 21, 2024","$98,226.80",,2.0
CUST_2193,Emily Rodriguez,39,Male,2024-05-22,"$114,660.26",Marketing,3.0
CUST_2194,Jessica Smith,32,female,,"$32,189.41",Marketing,3.0
CUST_2195,Michael Johnson,27,Male,2024-05-25,91311.27,sales,1.0
CUST_2196,James Smith,,female,2024-05-26,"73,727 USD",Operations,3.0
CUST_2197,James Rodriguez,44,male,"May 28, 2024","$52,499.03",ENGINEERING,1.0
CUST_2198,Laura Garcia,26,Female,2024-05-29,"$53,665.69",Operations,4.0
CUST_2199,John Garcia,69,Male,2024-05-31,"$81,362",Operations,3.0
 cust_2178  ,Laura Garcia,66,F,"May 02, 2024","$103,701.86",HR,3.0
 cust_1865  ,Emma Williams,42,FEMALE,2023-03-08,"$75,066.00",mktg,4.0
 cust_1101  ,Jessica Garcia,51,Female,2020-05-15,"104,217 USD",Operations,2.0
 cust_1439  ,David Davis,18,Male,2021-08-13,"69,119 USD",Marketing,2.0
 cust_1058  ,Daniel Rodriguez,71,Male,"March 18, 2020","51,637 USD",HR,3.0
 cust_2120  ,Emily Jones,49,F,2024-02-14,"46,646 USD",Engineering,2.0
 cust_1323  ,Daniel Garcia,65,male,10/03/2021,"100,706 USD",Marketing,3.0
 cust_1974  ,Daniel Williams,45,F,02/08/2023,78400.23,Engineering,1.0
 cust_1411  ,LAURA SMITH,62,Female,2021-07-06,125723.37,Engineering,1.0
 cust_1855  ,Emily Williams,64,M,23/02/2023,"80,602 USD",Engineering,3.0
 cust_1820  ,Emma Smith,51,Female,2023-01-07,"103,935 USD",Ops,5.0
 cust_1044  ,Laura Garcia,46,Male,2020-02-29,,Marketing,4.0
 cust_1049  ,James Rodriguez,,Female,2020-03-06,"68,363 USD",HR,
 cust_1849  ,David Garcia,28,M,2023.02.15,"$66,324",Sales,1.0
 cust_1240  ,James Davis,54,MALE,2020.11.18,"69,671 USD",Human Resources,3.0
 cust_1170  ,Daniel Miller,29,M,2020-08-16,"$70,452",Human Resources,3.0
 cust_1523  ,David Williams,18,Male,2021-12-04,"$120,234.68",Ops,4.0
 cust_1765  ,Daniel Wilson,47,Female,2022-10-25,"71,612 USD",mktg,4.0
 cust_1838  ,Sarah Jones,27,Female,2023-01-31,"95,519 USD",Sales,2.0
 cust_1423  ,Michael Brown,,female,2021-07-22,"-$4,500.00",Human Resources,3.0
 cust_1380  ,Emma Johnson,29,Male,25/05/2021,"$47,875",Operations,3.0
 cust_1609  ,David Rodriguez,23,Female,2022.03.29,"$64,293.56",Ops,3.0
 cust_1676  ,,48,Female,27/06/2022,71206.46,,5.0
 cust_1344  ,James Smith,23,F,2021-04-07,20000.00,ENGINEERING,3.0
 cust_1109  ,Jessica Garcia,38,female,"May 26, 2020","$71,712.76",mktg,3.0
 cust_1277  ,Jessica Jones,56,Male,"January 07, 2021","60,060 USD",Operations,4.0
 cust_1677  ,Laura Johnson,,MALE,2022.06.29,"$66,067",ENGINEERING,3.0
 cust_1570  ,Sarah Williams,73,MALE,2022-02-05,"$60,317.29",ENGINEERING,2.0
 cust_1358  ,Laura Jones,67,Female,,95250.53,sales,3.0
 cust_1598  ,Jessica Brown,58,Female,2022-03-14,"$41,424.76",Engineering,2.0
 cust_1390  ,James Williams,30,Female,2021-06-08,,Engineering,3.0
 cust_1893  ,Jessica Wilson,69,Male,2023-04-15,20000.00,Human Resources,3.0
 cust_1692  ,Sarah Brown,34,female,2022-07-19,"$102,089.08",Marketing,3.0
 cust_1727  ,DANIEL JONES,23,male,2022-09-04,"$54,129",Sales,3.0
 cust_1362  ,John Garcia,,Female,,"$87,305.25",mktg,3.0
 cust_1596  ,James Williams,74,male,2022-03-12,"$94,055",sales,4.0
 cust_1427  ,David Wilson,19,Female,2021.07.28,,HR,4.0
 cust_1070  ,Laura Garcia,63,Female,2020-04-04,85788.57,HR,1.0
 cust_1321  ,Sarah Garcia,47,Male,07/03/2021,"$64,357.02",Ops,1.0
 cust_1652  ,John Smith,18,,26/05/2022,"63,341 USD",Ops,3.0
CUST_2065,Jessica Rodriguez,40,M,2023-12-02,57892.79,Sales,5.0
CUST_1107,Emma Jones,71,Female,2020-05-23,"$26,508.51",ENGINEERING,2.0
CUST_2108,   Sarah Brown   ,54,Unknown,2024-01-29,"$87,051.87",Marketing,5.0
CUST_1355,James Garcia,23,MALE,2021-04-22,"$83,440.98",Engineering,3.0
CUST_1950,Michael Williams,33,F,2023-07-01,"130,044 USD",sales,4.0
CUST_1342,Laura Williams,,Female,2021-04-04,"$60,933.89",HR,5.0
CUST_1354,Jessica Rodriguez,54,,"April 20, 2021","$45,261.16",Operations,2.0
CUST_1023,Sarah Garcia,35,Female,2020-01-31,"$88,289.23",Human Resources,3.0
CUST_1043,Jessica Smith,26,Female,2020-02-27,"$114,695.16",Ops,4.0
CUST_1243,Sarah Brown,227,female,2020-11-22,92682.95,Engineering,2.0
CUST_1737,Emily Williams,70,MALE,2022-09-17,"59,848 USD",Marketing,4.0
CUST_2135,James Miller,47,Male,"March 05, 2024","$61,245.61",mktg,3.0
CUST_1367,David Garcia,41,Male,2021-05-08,"$37,263",Ops,1.0
CUST_1163,Emma Rodriguez,36,Male,2020-08-07,"$114,750.74",mktg,3.0
CUST_2115,Laura Garcia,26,female,"February 08, 2024",72435.02,sales,2.0
CUST_1332,Emily Miller,66,Female,"March 22, 2021","$79,036.11",Operations,3.0
CUST_1988,Michael Miller,73,M,2023-08-21,"100,394 USD",Human Resources,3.0
CUST_2172,Emily Smith,59,Female,2024-04-24,"37,398 USD",sales,3.0
CUST_2001,,19,MALE,07/09/2023,"$60,256",Ops,3.0
CUST_1377,Emma Williams,29,male,21/05/2021,79204.86,,5.0
CUST_1309,Emily Garcia,50,female,2021-02-19,"46,837 USD",ENGINEERING,3.0
CUST_1155,Jessica Rodriguez,,Other,"July 27, 2020",63370.03,Human Resources,4.0
CUST_1210,Laura Jones,56,female,"October 09, 2020","$94,525.01",Engineering,1.0
CUST_1086,David Williams,37,Female,"April 25, 2020","39,980 USD",Ops,3.0
CUST_1168,David Brown,33,Female,2020-08-13,"$65,462.25",Sales,4.0
